Workbook

Sheet Hướng dẫn
A1: HƯỚNG DẪN KHAI BÁO TÀI NGUYÊN SỐ KHỐI MKT
A3: Mục đích | B3: Thu thập toàn bộ tài nguyên mỗi ban đang giữ tính đến nay, trước khi Phòng Tài nguyên cấp phát lại theo quy trình mới.
A4: Hạn nộp | B4: (Phòng Tài nguyên điền hạn nộp vào đây)
A5: Bước 1 – Khai người sử dụng | B5: Trưởng ban vào tab "Người sử dụng", khai toàn bộ nhân sự của ban mình (kể cả người đã nghỉ nhưng từng giữ tài nguyên), chọn Ban và Trạng thái.
A6: Bước 2 – Khai tài nguyên | B6: Vào tab của ban mình, mỗi tài nguyên một dòng. Cột "Người được bàn giao (đang quản lý)" chọn tên nhân viên đang quản lý tài sản đó, từ danh sách đã khai ở Bước 1.
A7: Tài nguyên cần khai | B7: Via, Page, Nhóm, tài khoản AI (ChatGPT, Claude, CapCut, Midjourney…), TKQC, BM và tài nguyên khác ban đang dùng. Khai cả tài nguyên tự tạo, mua ngoài hoặc nhận lại từ người cũ.
A8: QUAN TRỌNG | B8: Không ghi mật khẩu vào file. Mật khẩu và mã 2 lớp sẽ bàn giao trực tiếp cho Phòng Tài nguyên.
A9: Màu ô | B9: Xanh nhạt: ban điền · Xám: tự tính, không sửa · Hồng: Phòng Tài nguyên điền (Bàn giao và trạng thái theo tháng).
A10: Cảnh báo đỏ | B10: Ô "Trạng thái người dùng" báo đỏ khi tài nguyên đang nằm ở người đã nghỉ việc hoặc tên chưa có trong danh sách. Ở tab Người sử dụng, cả dòng tô đỏ khi người đã nghỉ/chuyển ban mà vẫn còn giữ tài nguyên.
A11: Tra cứu theo nhân viên | B11: Vào tab Tổng hợp, chọn tên nhân viên ở ô hồng đầu trang: file liệt kê toàn bộ tài sản người đó đang quản lý trên cả 5 ban, kèm số lượng theo loại và trạng thái gần nhất.
A12: Theo dõi theo thời gian | B12: Mỗi tài nguyên giữ nguyên 1 dòng. Mỗi tháng rà soát, Phòng Tài nguyên chọn trạng thái ở cột tháng đó, kéo ngang là thấy lịch sử.
A13: Trạng thái tài nguyên | B13: Hoạt động · Hạn chế (bị giới hạn tính năng) · Checkpoint (khóa tạm, cần xác minh) · Die / Mất (không lấy lại được) · Đã thu hồi · Ngừng dùng
A14: Trạng thái nhân sự | B14: Đang làm · Thử việc · Tạm nghỉ (nghỉ dài ngày, vẫn còn hợp đồng) · Chuyển ban · Đã nghỉ việc
A15: Danh sách lựa chọn | B15: Muốn thêm loại, quyền hoặc trạng thái thì sửa ở tab Danh mục (thêm vào cuối cột, không chèn dòng giữa).
A17: DÒNG MẪU – TAB NGƯỜI SỬ DỤNG (tham khảo, không điền vào đây)
A18: STT | B18: Mã nhân viên | C18: Họ tên | D18: Ban | E18: Chức vụ | F18: SĐT | G18: Email công ty | H18: Trạng thái | I18: Ngày vào làm | J18: Ngày nghỉ / chuyển ban | K18: Số tài nguyên đang giữ | L18: Ghi chú
A19: 1 | B19: NV0123 | C19: Nguyễn Thu Hà | D19: ADS | E19: Nhân viên Ads | F19: 0912xxxxxx | G19: ha.nt@apexmed.vn | H19: Đang làm | I19: 01/03/2025 | K19: (tự tính) | L19: Phụ trách khu vực HN
A21: DÒNG MẪU – TAB CỦA BAN (tham khảo, không điền vào đây)
A22: STT | B22: Mã tài nguyên | C22: Loại tài nguyên | D22: ID tài nguyên | E22: Tên tài nguyên | F22: Link | G22: Người được bàn giao (đang quản lý) | H22: Trạng thái người dùng | I22: Quyền đang có | J22: Email đăng ký | K22: SĐT đăng ký | L22: Bảo mật 2 lớp | M22: Ai đang giữ mã 2 lớp | N22: Nguồn gốc | O22: Ngày bắt đầu dùng | P22: Mục đích sử dụng | Q22: Bàn giao về Tài nguyên | R22: Ghi chú
A23: 1 | B23: ADS-001 | C23: Page | D23: 104857392018475 | E23: Apexmed – Tư vấn chị em | F23: facebook.com/... | G23: Nguyễn Thu Hà | H23: (tự hiện) | I23: Chủ sở hữu / Admin | J23: ads.apexmed@gmail.com | K23: 0912xxxxxx | L23: Có | M23: Nguyễn Thu Hà | N23: Tự tạo | O23: 15/03/2025 | P23: Chạy quảng cáo khu vực HN | Q23: Chưa bàn giao | R23: Page có 2 admin cá nhân

Sheet Tổng hợp
A1: TỔNG HỢP TÀI NGUYÊN KHỐI MKT
A2: Tự động tính từ các tab, không cần sửa. Thống kê theo ban ở phía dưới, từ dòng 113.
A3: 1. TRA CỨU TÀI SẢN THEO NHÂN VIÊN
A4: Chọn nhân viên: | C4: Đỗ Viết Huy
A5: Ban: | B5: {=IF($C$4="","",IFERROR(INDEX('Người sử dụng'!$D$5:$D$140,MATCH($C$4,'Người sử dụng'!$C$5:$C$140,0)),""))} -> Phòng Tài nguyên | E5: Trạng thái: | F5: {=IF($C$4="","",IFERROR(INDEX('Người sử dụng'!$H$5:$H$140,MATCH($C$4,'Người sử dụng'!$C$5:$C$140,0)),""))} -> Đang làm | H5: Tổng tài sản đang giữ: | J5: =IF($C$4="","",MAX('Dữ liệu gộp'!$L$2:$L$1001)) -> #REF!
A6: Theo loại: | B6: Via | C6: Page | D6: Nhóm | E6: AI | F6: TKQC | G6: BM | H6: Khác
B7: =IF($C$4="","",COUNTIFS('Dữ liệu gộp'!$G$2:$G$1001,$C$4,'Dữ liệu gộp'!$C$2:$C$1001,"Via")) -> 1 | C7: =IF($C$4="","",COUNTIFS('Dữ liệu gộp'!$G$2:$G$1001,$C$4,'Dữ liệu gộp'!$C$2:$C$1001,"Page")) -> 0 | D7: =IF($C$4="","",COUNTIFS('Dữ liệu gộp'!$G$2:$G$1001,$C$4,'Dữ liệu gộp'!$C$2:$C$1001,"Nhóm")) -> 0 | E7: =IF($C$4="","",COUNTIFS('Dữ liệu gộp'!$G$2:$G$1001,$C$4,'Dữ liệu gộp'!$C$2:$C$1001,"AI")) -> 0 | F7: =IF($C$4="","",COUNTIFS('Dữ liệu gộp'!$G$2:$G$1001,$C$4,'Dữ liệu gộp'!$C$2:$C$1001,"TKQC")) -> 0 | G7: =IF($C$4="","",COUNTIFS('Dữ liệu gộp'!$G$2:$G$1001,$C$4,'Dữ liệu gộp'!$C$2:$C$1001,"BM")) -> 0 | H7: =IF($C$4="","",COUNTIFS('Dữ liệu gộp'!$G$2:$G$1001,$C$4,'Dữ liệu gộp'!$C$2:$C$1001,"Khác")) -> 0
A9: STT | B9: Ban | C9: Mã tài nguyên | D9: Loại | E9: ID tài nguyên | F9: Tên tài nguyên | G9: Link | H9: Quyền đang có | I9: Bảo mật 2 lớp | J9: Bàn giao về Tài nguyên | K9: Trạng thái gần nhất
A10: =IF(Z10="","",1) -> 1 | B10: {=IF($Z10="","",INDEX('Dữ liệu gộp'!$A$2:$A$1001,$Z10))} -> ADS | C10: {=IF($Z10="","",INDEX('Dữ liệu gộp'!$B$2:$B$1001,$Z10))} -> ADS-001 | D10: {=IF($Z10="","",INDEX('Dữ liệu gộp'!$C$2:$C$1001,$Z10))} -> Via | E10: {=IF($Z10="","",INDEX('Dữ liệu gộp'!$D$2:$D$1001,$Z10))} -> 12356489755 | F10: {=IF($Z10="","",INDEX('Dữ liệu gộp'!$E$2:$E$1001,$Z10))} -> Via Ads 1 | G10: {=IF($Z10="","",INDEX('Dữ liệu gộp'!$F$2:$F$1001,$Z10))} -> abcxyz.com | H10: {=IF($Z10="","",INDEX('Dữ liệu gộp'!$H$2:$H$1001,$Z10))} -> Chủ sở hữu / Admin | I10: {=IF($Z10="","",INDEX('Dữ liệu gộp'!$I$2:$I$1001,$Z10))} | J10: {=IF($Z10="","",INDEX('Dữ liệu gộp'!$J$2:$J$1001,$Z10))} -> Đã bàn giao | K10: {=IF($Z10="","",INDEX('Dữ liệu gộp'!$K$2:$K$1001,$Z10))} | Z10: =IF($C$4="","",IFERROR(MATCH(1,'Dữ liệu gộp'!$L$2:$L$1001,0),"")) -> 1
A11: =IF(Z11="","",2) | B11: {=IF($Z11="","",INDEX('Dữ liệu gộp'!$A$2:$A$1001,$Z11))} | C11: {=IF($Z11="","",INDEX('Dữ liệu gộp'!$B$2:$B$1001,$Z11))} | D11: {=IF($Z11="","",INDEX('Dữ liệu gộp'!$C$2:$C$1001,$Z11))} | E11: {=IF($Z11="","",INDEX('Dữ liệu gộp'!$D$2:$D$1001,$Z11))} | F11: {=IF($Z11="","",INDEX('Dữ liệu gộp'!$E$2:$E$1001,$Z11))} | G11: {=IF($Z11="","",INDEX('Dữ liệu gộp'!$F$2:$F$1001,$Z11))} | H11: {=IF($Z11="","",INDEX('Dữ liệu gộp'!$H$2:$H$1001,$Z11))} | I11: {=IF($Z11="","",INDEX('Dữ liệu gộp'!$I$2:$I$1001,$Z11))} | J11: {=IF($Z11="","",INDEX('Dữ liệu gộp'!$J$2:$J$1001,$Z11))} | K11: {=IF($Z11="","",INDEX('Dữ liệu gộp'!$K$2:$K$1001,$Z11))} | Z11: =IF($C$4="","",IFERROR(MATCH(2,'Dữ liệu gộp'!$L$2:$L$1001,0),""))
A12: =IF(Z12="","",3) | B12: {=IF($Z12="","",INDEX('Dữ liệu gộp'!$A$2:$A$1001,$Z12))} | C12: {=IF($Z12="","",INDEX('Dữ liệu gộp'!$B$2:$B$1001,$Z12))} | D12: {=IF($Z12="","",INDEX('Dữ liệu gộp'!$C$2:$C$1001,$Z12))} | E12: {=IF($Z12="","",INDEX('Dữ liệu gộp'!$D$2:$D$1001,$Z12))} | F12: {=IF($Z12="","",INDEX('Dữ liệu gộp'!$E$2:$E$1001,$Z12))} | G12: {=IF($Z12="","",INDEX('Dữ liệu gộp'!$F$2:$F$1001,$Z12))} | H12: {=IF($Z12="","",INDEX('Dữ liệu gộp'!$H$2:$H$1001,$Z12))} | I12: {=IF($Z12="","",INDEX('Dữ liệu gộp'!$I$2:$I$1001,$Z12))} | J12: {=IF($Z12="","",INDEX('Dữ liệu gộp'!$J$2:$J$1001,$Z12))} | K12: {=IF($Z12="","",INDEX('Dữ liệu gộp'!$K$2:$K$1001,$Z12))} | Z12: =IF($C$4="","",IFERROR(MATCH(3,'Dữ liệu gộp'!$L$2:$L$1001,0),""))
A13: =IF(Z13="","",4) | B13: {=IF($Z13="","",INDEX('Dữ liệu gộp'!$A$2:$A$1001,$Z13))} | C13: {=IF($Z13="","",INDEX('Dữ liệu gộp'!$B$2:$B$1001,$Z13))} | D13: {=IF($Z13="","",INDEX('Dữ liệu gộp'!$C$2:$C$1001,$Z13))} | E13: {=IF($Z13="","",INDEX('Dữ liệu gộp'!$D$2:$D$1001,$Z13))} | F13: {=IF($Z13="","",INDEX('Dữ liệu gộp'!$E$2:$E$1001,$Z13))} | G13: {=IF($Z13="","",INDEX('Dữ liệu gộp'!$F$2:$F$1001,$Z13))} | H13: {=IF($Z13="","",INDEX('Dữ liệu gộp'!$H$2:$H$1001,$Z13))} | I13: {=IF($Z13="","",INDEX('Dữ liệu gộp'!$I$2:$I$1001,$Z13))} | J13: {=IF($Z13="","",INDEX('Dữ liệu gộp'!$J$2:$J$1001,$Z13))} | K13: {=IF($Z13="","",INDEX('Dữ liệu gộp'!$K$2:$K$1001,$Z13))} | Z13: =IF($C$4="","",IFERROR(MATCH(4,'Dữ liệu gộp'!$L$2:$L$1001,0),""))
A14: =IF(Z14="","",5) | B14: {=IF($Z14="","",INDEX('Dữ liệu gộp'!$A$2:$A$1001,$Z14))} | C14: {=IF($Z14="","",INDEX('Dữ liệu gộp'!$B$2:$B$1001,$Z14))} | D14: {=IF($Z14="","",INDEX('Dữ liệu gộp'!$C$2:$C$1001,$Z14))} | E14: {=IF($Z14="","",INDEX('Dữ liệu gộp'!$D$2:$D$1001,$Z14))} | F14: {=IF($Z14="","",INDEX('Dữ liệu gộp'!$E$2:$E$1001,$Z14))} | G14: {=IF($Z14="","",INDEX('Dữ liệu gộp'!$F$2:$F$1001,$Z14))} | H14: {=IF($Z14="","",INDEX('Dữ liệu gộp'!$H$2:$H$1001,$Z14))} | I14: {=IF($Z14="","",INDEX('Dữ liệu gộp'!$I$2:$I$1001,$Z14))} | J14: {=IF($Z14="","",INDEX('Dữ liệu gộp'!$J$2:$J$1001,$Z14))} | K14: {=IF($Z14="","",INDEX('Dữ liệu gộp'!$K$2:$K$1001,$Z14))} | Z14: =IF($C$4="","",IFERROR(MATCH(5,'Dữ liệu gộp'!$L$2:$L$1001,0),""))
A15: =IF(Z15="","",6) | B15: {=IF($Z15="","",INDEX('Dữ liệu gộp'!$A$2:$A$1001,$Z15))} | C15: {=IF($Z15="","",INDEX('Dữ liệu gộp'!$B$2:$B$1001,$Z15))} | D15: {=IF($Z15="","",INDEX('Dữ liệu gộp'!$C$2:$C$1001,$Z15))} | E15: {=IF($Z15="","",INDEX('Dữ liệu gộp'!$D$2:$D$1001,$Z15))} | F15: {=IF($Z15="","",INDEX('Dữ liệu gộp'!$E$2:$E$1001,$Z15))} | G15: {=IF($Z15="","",INDEX('Dữ liệu gộp'!$F$2:$F$1001,$Z15))} | H15: {=IF($Z15="","",INDEX('Dữ liệu gộp'!$H$2:$H$1001,$Z15))} | I15: {=IF($Z15="","",INDEX('Dữ liệu gộp'!$I$2:$I$1001,$Z15))} | J15: {=IF($Z15="","",INDEX('Dữ liệu gộp'!$J$2:$J$1001,$Z15))} | K15: {=IF($Z15="","",INDEX('Dữ liệu gộp'!$K$2:$K$1001,$Z15))} | Z15: =IF($C$4="","",IFERROR(MATCH(6,'Dữ liệu gộp'!$L$2:$L$1001,0),""))
A16: =IF(Z16="","",7) | B16: {=IF($Z16="","",INDEX('Dữ liệu gộp'!$A$2:$A$1001,$Z16))} | C16: {=IF($Z16="","",INDEX('Dữ liệu gộp'!$B$2:$B$1001,$Z16))} | D16: {=IF($Z16="","",INDEX('Dữ liệu gộp'!$C$2:$C$1001,$Z16))} | E16: {=IF($Z16="","",INDEX('Dữ liệu gộp'!$D$2:$D$1001,$Z16))} | F16: {=IF($Z16="","",INDEX('Dữ liệu gộp'!$E$2:$E$1001,$Z16))} | G16: {=IF($Z16="","",INDEX('Dữ liệu gộp'!$F$2:$F$1001,$Z16))} | H16: {=IF($Z16="","",INDEX('Dữ liệu gộp'!$H$2:$H$1001,$Z16))} | I16: {=IF($Z16="","",INDEX('Dữ liệu gộp'!$I$2:$I$1001,$Z16))} | J16: {=IF($Z16="","",INDEX('Dữ liệu gộp'!$J$2:$J$1001,$Z16))} | K16: {=IF($Z16="","",INDEX('Dữ liệu gộp'!$K$2:$K$1001,$Z16))} | Z16: =IF($C$4="","",IFERROR(MATCH(7,'Dữ liệu gộp'!$L$2:$L$1001,0),""))
A17: =IF(Z17="","",8) | B17: {=IF($Z17="","",INDEX('Dữ liệu gộp'!$A$2:$A$1001,$Z17))} | C17: {=IF($Z17="","",INDEX('Dữ liệu gộp'!$B$2:$B$1001,$Z17))} | D17: {=IF($Z17="","",INDEX('Dữ liệu gộp'!$C$2:$C$1001,$Z17))} | E17: {=IF($Z17="","",INDEX('Dữ liệu gộp'!$D$2:$D$1001,$Z17))} | F17: {=IF($Z17="","",INDEX('Dữ liệu gộp'!$E$2:$E$1001,$Z17))} | G17: {=IF($Z17="","",INDEX('Dữ liệu gộp'!$F$2:$F$1001,$Z17))} | H17: {=IF($Z17="","",INDEX('Dữ liệu gộp'!$H$2:$H$1001,$Z17))} | I17: {=IF($Z17="","",INDEX('Dữ liệu gộp'!$I$2:$I$1001,$Z17))} | J17: {=IF($Z17="","",INDEX('Dữ liệu gộp'!$J$2:$J$1001,$Z17))} | K17: {=IF($Z17="","",INDEX('Dữ liệu gộp'!$K$2:$K$1001,$Z17))} | Z17: =IF($C$4="","",IFERROR(MATCH(8,'Dữ liệu gộp'!$L$2:$L$1001,0),""))
A18: =IF(Z18="","",9) | B18: {=IF($Z18="","",INDEX('Dữ liệu gộp'!$A$2:$A$1001,$Z18))} | C18: {=IF($Z18="","",INDEX('Dữ liệu gộp'!$B$2:$B$1001,$Z18))} | D18: {=IF($Z18="","",INDEX('Dữ liệu gộp'!$C$2:$C$1001,$Z18))} | E18: {=IF($Z18="","",INDEX('Dữ liệu gộp'!$D$2:$D$1001,$Z18))} | F18: {=IF($Z18="","",INDEX('Dữ liệu gộp'!$E$2:$E$1001,$Z18))} | G18: {=IF($Z18="","",INDEX('Dữ liệu gộp'!$F$2:$F$1001,$Z18))} | H18: {=IF($Z18="","",INDEX('Dữ liệu gộp'!$H$2:$H$1001,$Z18))} | I18: {=IF($Z18="","",INDEX('Dữ liệu gộp'!$I$2:$I$1001,$Z18))} | J18: {=IF($Z18="","",INDEX('Dữ liệu gộp'!$J$2:$J$1001,$Z18))} | K18: {=IF($Z18="","",INDEX('Dữ liệu gộp'!$K$2:$K$1001,$Z18))} | Z18: =IF($C$4="","",IFERROR(MATCH(9,'Dữ liệu gộp'!$L$2:$L$1001,0),""))
A19: =IF(Z19="","",10) | B19: {=IF($Z19="","",INDEX('Dữ liệu gộp'!$A$2:$A$1001,$Z19))} | C19: {=IF($Z19="","",INDEX('Dữ liệu gộp'!$B$2:$B$1001,$Z19))} | D19: {=IF($Z19="","",INDEX('Dữ liệu gộp'!$C$2:$C$1001,$Z19))} | E19: {=IF($Z19="","",INDEX('Dữ liệu gộp'!$D$2:$D$1001,$Z19))} | F19: {=IF($Z19="","",INDEX('Dữ liệu gộp'!$E$2:$E$1001,$Z19))} | G19: {=IF($Z19="","",INDEX('Dữ liệu gộp'!$F$2:$F$1001,$Z19))} | H19: {=IF($Z19="","",INDEX('Dữ liệu gộp'!$H$2:$H$1001,$Z19))} | I19: {=IF($Z19="","",INDEX('Dữ liệu gộp'!$I$2:$I$1001,$Z19))} | J19: {=IF($Z19="","",INDEX('Dữ liệu gộp'!$J$2:$J$1001,$Z19))} | K19: {=IF($Z19="","",INDEX('Dữ liệu gộp'!$K$2:$K$1001,$Z19))} | Z19: =IF($C$4="","",IFERROR(MATCH(10,'Dữ liệu gộp'!$L$2:$L$1001,0),""))
A20: =IF(Z20="","",11) | B20: {=IF($Z20="","",INDEX('Dữ liệu gộp'!$A$2:$A$1001,$Z20))} | C20: {=IF($Z20="","",INDEX('Dữ liệu gộp'!$B$2:$B$1001,$Z20))} | D20: {=IF($Z20="","",INDEX('Dữ liệu gộp'!$C$2:$C$1001,$Z20))} | E20: {=IF($Z20="","",INDEX('Dữ liệu gộp'!$D$2:$D$1001,$Z20))} | F20: {=IF($Z20="","",INDEX('Dữ liệu gộp'!$E$2:$E$1001,$Z20))} | G20: {=IF($Z20="","",INDEX('Dữ liệu gộp'!$F$2:$F$1001,$Z20))} | H20: {=IF($Z20="","",INDEX('Dữ liệu gộp'!$H$2:$H$1001,$Z20))} | I20: {=IF($Z20="","",INDEX('Dữ liệu gộp'!$I$2:$I$1001,$Z20))} | J20: {=IF($Z20="","",INDEX('Dữ liệu gộp'!$J$2:$J$1001,$Z20))} | K20: {=IF($Z20="","",INDEX('Dữ liệu gộp'!$K$2:$K$1001,$Z20))} | Z20: =IF($C$4="","",IFERROR(MATCH(11,'Dữ liệu gộp'!$L$2:$L$1001,0),""))
A21: =IF(Z21="","",12) | B21: {=IF($Z21="","",INDEX('Dữ liệu gộp'!$A$2:$A$1001,$Z21))} | C21: {=IF($Z21="","",INDEX('Dữ liệu gộp'!$B$2:$B$1001,$Z21))} | D21: {=IF($Z21="","",INDEX('Dữ liệu gộp'!$C$2:$C$1001,$Z21))} | E21: {=IF($Z21="","",INDEX('Dữ liệu gộp'!$D$2:$D$1001,$Z21))} | F21: {=IF($Z21="","",INDEX('Dữ liệu gộp'!$E$2:$E$1001,$Z21))} | G21: {=IF($Z21="","",INDEX('Dữ liệu gộp'!$F$2:$F$1001,$Z21))} | H21: {=IF($Z21="","",INDEX('Dữ liệu gộp'!$H$2:$H$1001,$Z21))} | I21: {=IF($Z21="","",INDEX('Dữ liệu gộp'!$I$2:$I$1001,$Z21))} | J21: {=IF($Z21="","",INDEX('Dữ liệu gộp'!$J$2:$J$1001,$Z21))} | K21: {=IF($Z21="","",INDEX('Dữ liệu gộp'!$K$2:$K$1001,$Z21))} | Z21: =IF($C$4="","",IFERROR(MATCH(12,'Dữ liệu gộp'!$L$2:$L$1001,0),""))
A22: =IF(Z22="","",13) | B22: {=IF($Z22="","",INDEX('Dữ liệu gộp'!$A$2:$A$1001,$Z22))} | C22: {=IF($Z22="","",INDEX('Dữ liệu gộp'!$B$2:$B$1001,$Z22))} | D22: {=IF($Z22="","",INDEX('Dữ liệu gộp'!$C$2:$C$1001,$Z22))} | E22: {=IF($Z22="","",INDEX('Dữ liệu gộp'!$D$2:$D$1001,$Z22))} | F22: {=IF($Z22="","",INDEX('Dữ liệu gộp'!$E$2:$E$1001,$Z22))} | G22: {=IF($Z22="","",INDEX('Dữ liệu gộp'!$F$2:$F$1001,$Z22))} | H22: {=IF($Z22="","",INDEX('Dữ liệu gộp'!$H$2:$H$1001,$Z22))} | I22: {=IF($Z22="","",INDEX('Dữ liệu gộp'!$I$2:$I$1001,$Z22))} | J22: {=IF($Z22="","",INDEX('Dữ liệu gộp'!$J$2:$J$1001,$Z22))} | K22: {=IF($Z22="","",INDEX('Dữ liệu gộp'!$K$2:$K$1001,$Z22))} | Z22: =IF($C$4="","",IFERROR(MATCH(13,'Dữ liệu gộp'!$L$2:$L$1001,0),""))
A23: =IF(Z23="","",14) | B23: {=IF($Z23="","",INDEX('Dữ liệu gộp'!$A$2:$A$1001,$Z23))} | C23: {=IF($Z23="","",INDEX('Dữ liệu gộp'!$B$2:$B$1001,$Z23))} | D23: {=IF($Z23="","",INDEX('Dữ liệu gộp'!$C$2:$C$1001,$Z23))} | E23: {=IF($Z23="","",INDEX('Dữ liệu gộp'!$D$2:$D$1001,$Z23))} | F23: {=IF($Z23="","",INDEX('Dữ liệu gộp'!$E$2:$E$1001,$Z23))} | G23: {=IF($Z23="","",INDEX('Dữ liệu gộp'!$F$2:$F$1001,$Z23))} | H23: {=IF($Z23="","",INDEX('Dữ liệu gộp'!$H$2:$H$1001,$Z23))} | I23: {=IF($Z23="","",INDEX('Dữ liệu gộp'!$I$2:$I$1001,$Z23))} | J23: {=IF($Z23="","",INDEX('Dữ liệu gộp'!$J$2:$J$1001,$Z23))} | K23: {=IF($Z23="","",INDEX('Dữ liệu gộp'!$K$2:$K$1001,$Z23))} | Z23: =IF($C$4="","",IFERROR(MATCH(14,'Dữ liệu gộp'!$L$2:$L$1001,0),""))
A24: =IF(Z24="","",15) | B24: {=IF($Z24="","",INDEX('Dữ liệu gộp'!$A$2:$A$1001,$Z24))} | C24: {=IF($Z24="","",INDEX('Dữ liệu gộp'!$B$2:$B$1001,$Z24))} | D24: {=IF($Z24="","",INDEX('Dữ liệu gộp'!$C$2:$C$1001,$Z24))} | E24: {=IF($Z24="","",INDEX('Dữ liệu gộp'!$D$2:$D$1001,$Z24))} | F24: {=IF($Z24="","",INDEX('Dữ liệu gộp'!$E$2:$E$1001,$Z24))} | G24: {=IF($Z24="","",INDEX('Dữ liệu gộp'!$F$2:$F$1001,$Z24))} | H24: {=IF($Z24="","",INDEX('Dữ liệu gộp'!$H$2:$H$1001,$Z24))} | I24: {=IF($Z24="","",INDEX('Dữ liệu gộp'!$I$2:$I$1001,$Z24))} | J24: {=IF($Z24="","",INDEX('Dữ liệu gộp'!$J$2:$J$1001,$Z24))} | K24: {=IF($Z24="","",INDEX('Dữ liệu gộp'!$K$2:$K$1001,$Z24))} | Z24: =IF($C$4="","",IFERROR(MATCH(15,'Dữ liệu gộp'!$L$2:$L$1001,0),""))
A25: =IF(Z25="","",16) | B25: {=IF($Z25="","",INDEX('Dữ liệu gộp'!$A$2:$A$1001,$Z25))} | C25: {=IF($Z25="","",INDEX('Dữ liệu gộp'!$B$2:$B$1001,$Z25))} | D25: {=IF($Z25="","",INDEX('Dữ liệu gộp'!$C$2:$C$1001,$Z25))} | E25: {=IF($Z25="","",INDEX('Dữ liệu gộp'!$D$2:$D$1001,$Z25))} | F25: {=IF($Z25="","",INDEX('Dữ liệu gộp'!$E$2:$E$1001,$Z25))} | G25: {=IF($Z25="","",INDEX('Dữ liệu gộp'!$F$2:$F$1001,$Z25))} | H25: {=IF($Z25="","",INDEX('Dữ liệu gộp'!$H$2:$H$1001,$Z25))} | I25: {=IF($Z25="","",INDEX('Dữ liệu gộp'!$I$2:$I$1001,$Z25))} | J25: {=IF($Z25="","",INDEX('Dữ liệu gộp'!$J$2:$J$1001,$Z25))} | K25: {=IF($Z25="","",INDEX('Dữ liệu gộp'!$K$2:$K$1001,$Z25))} | Z25: =IF($C$4="","",IFERROR(MATCH(16,'Dữ liệu gộp'!$L$2:$L$1001,0),""))
A26: =IF(Z26="","",17) | B26: {=IF($Z26="","",INDEX('Dữ liệu gộp'!$A$2:$A$1001,$Z26))} | C26: {=IF($Z26="","",INDEX('Dữ liệu gộp'!$B$2:$B$1001,$Z26))} | D26: {=IF($Z26="","",INDEX('Dữ liệu gộp'!$C$2:$C$1001,$Z26))} | E26: {=IF($Z26="","",INDEX('Dữ liệu gộp'!$D$2:$D$1001,$Z26))} | F26: {=IF($Z26="","",INDEX('Dữ liệu gộp'!$E$2:$E$1001,$Z26))} | G26: {=IF($Z26="","",INDEX('Dữ liệu gộp'!$F$2:$F$1001,$Z26))} | H26: {=IF($Z26="","",INDEX('Dữ liệu gộp'!$H$2:$H$1001,$Z26))} | I26: {=IF($Z26="","",INDEX('Dữ liệu gộp'!$I$2:$I$1001,$Z26))} | J26: {=IF($Z26="","",INDEX('Dữ liệu gộp'!$J$2:$J$1001,$Z26))} | K26: {=IF($Z26="","",INDEX('Dữ liệu gộp'!$K$2:$K$1001,$Z26))} | Z26: =IF($C$4="","",IFERROR(MATCH(17,'Dữ liệu gộp'!$L$2:$L$1001,0),""))
A27: =IF(Z27="","",18) | B27: {=IF($Z27="","",INDEX('Dữ liệu gộp'!$A$2:$A$1001,$Z27))} | C27: {=IF($Z27="","",INDEX('Dữ liệu gộp'!$B$2:$B$1001,$Z27))} | D27: {=IF($Z27="","",INDEX('Dữ liệu gộp'!$C$2:$C$1001,$Z27))} | E27: {=IF($Z27="","",INDEX('Dữ liệu gộp'!$D$2:$D$1001,$Z27))} | F27: {=IF($Z27="","",INDEX('Dữ liệu gộp'!$E$2:$E$1001,$Z27))} | G27: {=IF($Z27="","",INDEX('Dữ liệu gộp'!$F$2:$F$1001,$Z27))} | H27: {=IF($Z27="","",INDEX('Dữ liệu gộp'!$H$2:$H$1001,$Z27))} | I27: {=IF($Z27="","",INDEX('Dữ liệu gộp'!$I$2:$I$1001,$Z27))} | J27: {=IF($Z27="","",INDEX('Dữ liệu gộp'!$J$2:$J$1001,$Z27))} | K27: {=IF($Z27="","",INDEX('Dữ liệu gộp'!$K$2:$K$1001,$Z27))} | Z27: =IF($C$4="","",IFERROR(MATCH(18,'Dữ liệu gộp'!$L$2:$L$1001,0),""))
A28: =IF(Z28="","",19) | B28: {=IF($Z28="","",INDEX('Dữ liệu gộp'!$A$2:$A$1001,$Z28))} | C28: {=IF($Z28="","",INDEX('Dữ liệu gộp'!$B$2:$B$1001,$Z28))} | D28: {=IF($Z28="","",INDEX('Dữ liệu gộp'!$C$2:$C$1001,$Z28))} | E28: {=IF($Z28="","",INDEX('Dữ liệu gộp'!$D$2:$D$1001,$Z28))} | F28: {=IF($Z28="","",INDEX('Dữ liệu gộp'!$E$2:$E$1001,$Z28))} | G28: {=IF($Z28="","",INDEX('Dữ liệu gộp'!$F$2:$F$1001,$Z28))} | H28: {=IF($Z28="","",INDEX('Dữ liệu gộp'!$H$2:$H$1001,$Z28))} | I28: {=IF($Z28="","",INDEX('Dữ liệu gộp'!$I$2:$I$1001,$Z28))} | J28: {=IF($Z28="","",INDEX('Dữ liệu gộp'!$J$2:$J$1001,$Z28))} | K28: {=IF($Z28="","",INDEX('Dữ liệu gộp'!$K$2:$K$1001,$Z28))} | Z28: =IF($C$4="","",IFERROR(MATCH(19,'Dữ liệu gộp'!$L$2:$L$1001,0),""))
A29: =IF(Z29="","",20) | B29: {=IF($Z29="","",INDEX('Dữ liệu gộp'!$A$2:$A$1001,$Z29))} | C29: {=IF($Z29="","",INDEX('Dữ liệu gộp'!$B$2:$B$1001,$Z29))} | D29: {=IF($Z29="","",INDEX('Dữ liệu gộp'!$C$2:$C$1001,$Z29))} | E29: {=IF($Z29="","",INDEX('Dữ liệu gộp'!$D$2:$D$1001,$Z29))} | F29: {=IF($Z29="","",INDEX('Dữ liệu gộp'!$E$2:$E$1001,$Z29))} | G29: {=IF($Z29="","",INDEX('Dữ liệu gộp'!$F$2:$F$1001,$Z29))} | H29: {=IF($Z29="","",INDEX('Dữ liệu gộp'!$H$2:$H$1001,$Z29))} | I29: {=IF($Z29="","",INDEX('Dữ liệu gộp'!$I$2:$I$1001,$Z29))} | J29: {=IF($Z29="","",INDEX('Dữ liệu gộp'!$J$2:$J$1001,$Z29))} | K29: {=IF($Z29="","",INDEX('Dữ liệu gộp'!$K$2:$K$1001,$Z29))} | Z29: =IF($C$4="","",IFERROR(MATCH(20,'Dữ liệu gộp'!$L$2:$L$1001,0),""))
A30: =IF(Z30="","",21) | B30: {=IF($Z30="","",INDEX('Dữ liệu gộp'!$A$2:$A$1001,$Z30))} | C30: {=IF($Z30="","",INDEX('Dữ liệu gộp'!$B$2:$B$1001,$Z30))} | D30: {=IF($Z30="","",INDEX('Dữ liệu gộp'!$C$2:$C$1001,$Z30))} | E30: {=IF($Z30="","",INDEX('Dữ liệu gộp'!$D$2:$D$1001,$Z30))} | F30: {=IF($Z30="","",INDEX('Dữ liệu gộp'!$E$2:$E$1001,$Z30))} | G30: {=IF($Z30="","",INDEX('Dữ liệu gộp'!$F$2:$F$1001,$Z30))} | H30: {=IF($Z30="","",INDEX('Dữ liệu gộp'!$H$2:$H$1001,$Z30))} | I30: {=IF($Z30="","",INDEX('Dữ liệu gộp'!$I$2:$I$1001,$Z30))} | J30: {=IF($Z30="","",INDEX('Dữ liệu gộp'!$J$2:$J$1001,$Z30))} | K30: {=IF($Z30="","",INDEX('Dữ liệu gộp'!$K$2:$K$1001,$Z30))} | Z30: =IF($C$4="","",IFERROR(MATCH(21,'Dữ liệu gộp'!$L$2:$L$1001,0),""))
A31: =IF(Z31="","",22) | B31: {=IF($Z31="","",INDEX('Dữ liệu gộp'!$A$2:$A$1001,$Z31))} | C31: {=IF($Z31="","",INDEX('Dữ liệu gộp'!$B$2:$B$1001,$Z31))} | D31: {=IF($Z31="","",INDEX('Dữ liệu gộp'!$C$2:$C$1001,$Z31))} | E31: {=IF($Z31="","",INDEX('Dữ liệu gộp'!$D$2:$D$1001,$Z31))} | F31: {=IF($Z31="","",INDEX('Dữ liệu gộp'!$E$2:$E$1001,$Z31))} | G31: {=IF($Z31="","",INDEX('Dữ liệu gộp'!$F$2:$F$1001,$Z31))} | H31: {=IF($Z31="","",INDEX('Dữ liệu gộp'!$H$2:$H$1001,$Z31))} | I31: {=IF($Z31="","",INDEX('Dữ liệu gộp'!$I$2:$I$1001,$Z31))} | J31: {=IF($Z31="","",INDEX('Dữ liệu gộp'!$J$2:$J$1001,$Z31))} | K31: {=IF($Z31="","",INDEX('Dữ liệu gộp'!$K$2:$K$1001,$Z31))} | Z31: =IF($C$4="","",IFERROR(MATCH(22,'Dữ liệu gộp'!$L$2:$L$1001,0),""))
A32: =IF(Z32="","",23) | B32: {=IF($Z32="","",INDEX('Dữ liệu gộp'!$A$2:$A$1001,$Z32))} | C32: {=IF($Z32="","",INDEX('Dữ liệu gộp'!$B$2:$B$1001,$Z32))} | D32: {=IF($Z32="","",INDEX('Dữ liệu gộp'!$C$2:$C$1001,$Z32))} | E32: {=IF($Z32="","",INDEX('Dữ liệu gộp'!$D$2:$D$1001,$Z32))} | F32: {=IF($Z32="","",INDEX('Dữ liệu gộp'!$E$2:$E$1001,$Z32))} | G32: {=IF($Z32="","",INDEX('Dữ liệu gộp'!$F$2:$F$1001,$Z32))} | H32: {=IF($Z32="","",INDEX('Dữ liệu gộp'!$H$2:$H$1001,$Z32))} | I32: {=IF($Z32="","",INDEX('Dữ liệu gộp'!$I$2:$I$1001,$Z32))} | J32: {=IF($Z32="","",INDEX('Dữ liệu gộp'!$J$2:$J$1001,$Z32))} | K32: {=IF($Z32="","",INDEX('Dữ liệu gộp'!$K$2:$K$1001,$Z32))} | Z32: =IF($C$4="","",IFERROR(MATCH(23,'Dữ liệu gộp'!$L$2:$L$1001,0),""))
A33: =IF(Z33="","",24) | B33: {=IF($Z33="","",INDEX('Dữ liệu gộp'!$A$2:$A$1001,$Z33))} | C33: {=IF($Z33="","",INDEX('Dữ liệu gộp'!$B$2:$B$1001,$Z33))} | D33: {=IF($Z33="","",INDEX('Dữ liệu gộp'!$C$2:$C$1001,$Z33))} | E33: {=IF($Z33="","",INDEX('Dữ liệu gộp'!$D$2:$D$1001,$Z33))} | F33: {=IF($Z33="","",INDEX('Dữ liệu gộp'!$E$2:$E$1001,$Z33))} | G33: {=IF($Z33="","",INDEX('Dữ liệu gộp'!$F$2:$F$1001,$Z33))} | H33: {=IF($Z33="","",INDEX('Dữ liệu gộp'!$H$2:$H$1001,$Z33))} | I33: {=IF($Z33="","",INDEX('Dữ liệu gộp'!$I$2:$I$1001,$Z33))} | J33: {=IF($Z33="","",INDEX('Dữ liệu gộp'!$J$2:$J$1001,$Z33))} | K33: {=IF($Z33="","",INDEX('Dữ liệu gộp'!$K$2:$K$1001,$Z33))} | Z33: =IF($C$4="","",IFERROR(MATCH(24,'Dữ liệu gộp'!$L$2:$L$1001,0),""))
A34: =IF(Z34="","",25) | B34: {=IF($Z34="","",INDEX('Dữ liệu gộp'!$A$2:$A$1001,$Z34))} | C34: {=IF($Z34="","",INDEX('Dữ liệu gộp'!$B$2:$B$1001,$Z34))} | D34: {=IF($Z34="","",INDEX('Dữ liệu gộp'!$C$2:$C$1001,$Z34))} | E34: {=IF($Z34="","",INDEX('Dữ liệu gộp'!$D$2:$D$1001,$Z34))} | F34: {=IF($Z34="","",INDEX('Dữ liệu gộp'!$E$2:$E$1001,$Z34))} | G34: {=IF($Z34="","",INDEX('Dữ liệu gộp'!$F$2:$F$1001,$Z34))} | H34: {=IF($Z34="","",INDEX('Dữ liệu gộp'!$H$2:$H$1001,$Z34))} | I34: {=IF($Z34="","",INDEX('Dữ liệu gộp'!$I$2:$I$1001,$Z34))} | J34: {=IF($Z34="","",INDEX('Dữ liệu gộp'!$J$2:$J$1001,$Z34))} | K34: {=IF($Z34="","",INDEX('Dữ liệu gộp'!$K$2:$K$1001,$Z34))} | Z34: =IF($C$4="","",IFERROR(MATCH(25,'Dữ liệu gộp'!$L$2:$L$1001,0),""))
A35: =IF(Z35="","",26) | B35: {=IF($Z35="","",INDEX('Dữ liệu gộp'!$A$2:$A$1001,$Z35))} | C35: {=IF($Z35="","",INDEX('Dữ liệu gộp'!$B$2:$B$1001,$Z35))} | D35: {=IF($Z35="","",INDEX('Dữ liệu gộp'!$C$2:$C$1001,$Z35))} | E35: {=IF($Z35="","",INDEX('Dữ liệu gộp'!$D$2:$D$1001,$Z35))} | F35: {=IF($Z35="","",INDEX('Dữ liệu gộp'!$E$2:$E$1001,$Z35))} | G35: {=IF($Z35="","",INDEX('Dữ liệu gộp'!$F$2:$F$1001,$Z35))} | H35: {=IF($Z35="","",INDEX('Dữ liệu gộp'!$H$2:$H$1001,$Z35))} | I35: {=IF($Z35="","",INDEX('Dữ liệu gộp'!$I$2:$I$1001,$Z35))} | J35: {=IF($Z35="","",INDEX('Dữ liệu gộp'!$J$2:$J$1001,$Z35))} | K35: {=IF($Z35="","",INDEX('Dữ liệu gộp'!$K$2:$K$1001,$Z35))} | Z35: =IF($C$4="","",IFERROR(MATCH(26,'Dữ liệu gộp'!$L$2:$L$1001,0),""))
A36: =IF(Z36="","",27) | B36: {=IF($Z36="","",INDEX('Dữ liệu gộp'!$A$2:$A$1001,$Z36))} | C36: {=IF($Z36="","",INDEX('Dữ liệu gộp'!$B$2:$B$1001,$Z36))} | D36: {=IF($Z36="","",INDEX('Dữ liệu gộp'!$C$2:$C$1001,$Z36))} | E36: {=IF($Z36="","",INDEX('Dữ liệu gộp'!$D$2:$D$1001,$Z36))} | F36: {=IF($Z36="","",INDEX('Dữ liệu gộp'!$E$2:$E$1001,$Z36))} | G36: {=IF($Z36="","",INDEX('Dữ liệu gộp'!$F$2:$F$1001,$Z36))} | H36: {=IF($Z36="","",INDEX('Dữ liệu gộp'!$H$2:$H$1001,$Z36))} | I36: {=IF($Z36="","",INDEX('Dữ liệu gộp'!$I$2:$I$1001,$Z36))} | J36: {=IF($Z36="","",INDEX('Dữ liệu gộp'!$J$2:$J$1001,$Z36))} | K36: {=IF($Z36="","",INDEX('Dữ liệu gộp'!$K$2:$K$1001,$Z36))} | Z36: =IF($C$4="","",IFERROR(MATCH(27,'Dữ liệu gộp'!$L$2:$L$1001,0),""))
A37: =IF(Z37="","",28) | B37: {=IF($Z37="","",INDEX('Dữ liệu gộp'!$A$2:$A$1001,$Z37))} | C37: {=IF($Z37="","",INDEX('Dữ liệu gộp'!$B$2:$B$1001,$Z37))} | D37: {=IF($Z37="","",INDEX('Dữ liệu gộp'!$C$2:$C$1001,$Z37))} | E37: {=IF($Z37="","",INDEX('Dữ liệu gộp'!$D$2:$D$1001,$Z37))} | F37: {=IF($Z37="","",INDEX('Dữ liệu gộp'!$E$2:$E$1001,$Z37))} | G37: {=IF($Z37="","",INDEX('Dữ liệu gộp'!$F$2:$F$1001,$Z37))} | H37: {=IF($Z37="","",INDEX('Dữ liệu gộp'!$H$2:$H$1001,$Z37))} | I37: {=IF($Z37="","",INDEX('Dữ liệu gộp'!$I$2:$I$1001,$Z37))} | J37: {=IF($Z37="","",INDEX('Dữ liệu gộp'!$J$2:$J$1001,$Z37))} | K37: {=IF($Z37="","",INDEX('Dữ liệu gộp'!$K$2:$K$1001,$Z37))} | Z37: =IF($C$4="","",IFERROR(MATCH(28,'Dữ liệu gộp'!$L$2:$L$1001,0),""))
A38: =IF(Z38="","",29) | B38: {=IF($Z38="","",INDEX('Dữ liệu gộp'!$A$2:$A$1001,$Z38))} | C38: {=IF($Z38="","",INDEX('Dữ liệu gộp'!$B$2:$B$1001,$Z38))} | D38: {=IF($Z38="","",INDEX('Dữ liệu gộp'!$C$2:$C$1001,$Z38))} | E38: {=IF($Z38="","",INDEX('Dữ liệu gộp'!$D$2:$D$1001,$Z38))} | F38: {=IF($Z38="","",INDEX('Dữ liệu gộp'!$E$2:$E$1001,$Z38))} | G38: {=IF($Z38="","",INDEX('Dữ liệu gộp'!$F$2:$F$1001,$Z38))} | H38: {=IF($Z38="","",INDEX('Dữ liệu gộp'!$H$2:$H$1001,$Z38))} | I38: {=IF($Z38="","",INDEX('Dữ liệu gộp'!$I$2:$I$1001,$Z38))} | J38: {=IF($Z38="","",INDEX('Dữ liệu gộp'!$J$2:$J$1001,$Z38))} | K38: {=IF($Z38="","",INDEX('Dữ liệu gộp'!$K$2:$K$1001,$Z38))} | Z38: =IF($C$4="","",IFERROR(MATCH(29,'Dữ liệu gộp'!$L$2:$L$1001,0),""))
A39: =IF(Z39="","",30) | B39: {=IF($Z39="","",INDEX('Dữ liệu gộp'!$A$2:$A$1001,$Z39))} | C39: {=IF($Z39="","",INDEX('Dữ liệu gộp'!$B$2:$B$1001,$Z39))} | D39: {=IF($Z39="","",INDEX('Dữ liệu gộp'!$C$2:$C$1001,$Z39))} | E39: {=IF($Z39="","",INDEX('Dữ liệu gộp'!$D$2:$D$1001,$Z39))} | F39: {=IF($Z39="","",INDEX('Dữ liệu gộp'!$E$2:$E$1001,$Z39))} | G39: {=IF($Z39="","",INDEX('Dữ liệu gộp'!$F$2:$F$1001,$Z39))} | H39: {=IF($Z39="","",INDEX('Dữ liệu gộp'!$H$2:$H$1001,$Z39))} | I39: {=IF($Z39="","",INDEX('Dữ liệu gộp'!$I$2:$I$1001,$Z39))} | J39: {=IF($Z39="","",INDEX('Dữ liệu gộp'!$J$2:$J$1001,$Z39))} | K39: {=IF($Z39="","",INDEX('Dữ liệu gộp'!$K$2:$K$1001,$Z39))} | Z39: =IF($C$4="","",IFERROR(MATCH(30,'Dữ liệu gộp'!$L$2:$L$1001,0),""))
A40: =IF(Z40="","",31) | B40: {=IF($Z40="","",INDEX('Dữ liệu gộp'!$A$2:$A$1001,$Z40))} | C40: {=IF($Z40="","",INDEX('Dữ liệu gộp'!$B$2:$B$1001,$Z40))} | D40: {=IF($Z40="","",INDEX('Dữ liệu gộp'!$C$2:$C$1001,$Z40))} | E40: {=IF($Z40="","",INDEX('Dữ liệu gộp'!$D$2:$D$1001,$Z40))} | F40: {=IF($Z40="","",INDEX('Dữ liệu gộp'!$E$2:$E$1001,$Z40))} | G40: {=IF($Z40="","",INDEX('Dữ liệu gộp'!$F$2:$F$1001,$Z40))} | H40: {=IF($Z40="","",INDEX('Dữ liệu gộp'!$H$2:$H$1001,$Z40))} | I40: {=IF($Z40="","",INDEX('Dữ liệu gộp'!$I$2:$I$1001,$Z40))} | J40: {=IF($Z40="","",INDEX('Dữ liệu gộp'!$J$2:$J$1001,$Z40))} | K40: {=IF($Z40="","",INDEX('Dữ liệu gộp'!$K$2:$K$1001,$Z40))} | Z40: =IF($C$4="","",IFERROR(MATCH(31,'Dữ liệu gộp'!$L$2:$L$1001,0),""))
A41: =IF(Z41="","",32) | B41: {=IF($Z41="","",INDEX('Dữ liệu gộp'!$A$2:$A$1001,$Z41))} | C41: {=IF($Z41="","",INDEX('Dữ liệu gộp'!$B$2:$B$1001,$Z41))} | D41: {=IF($Z41="","",INDEX('Dữ liệu gộp'!$C$2:$C$1001,$Z41))} | E41: {=IF($Z41="","",INDEX('Dữ liệu gộp'!$D$2:$D$1001,$Z41))} | F41: {=IF($Z41="","",INDEX('Dữ liệu gộp'!$E$2:$E$1001,$Z41))} | G41: {=IF($Z41="","",INDEX('Dữ liệu gộp'!$F$2:$F$1001,$Z41))} | H41: {=IF($Z41="","",INDEX('Dữ liệu gộp'!$H$2:$H$1001,$Z41))} | I41: {=IF($Z41="","",INDEX('Dữ liệu gộp'!$I$2:$I$1001,$Z41))} | J41: {=IF($Z41="","",INDEX('Dữ liệu gộp'!$J$2:$J$1001,$Z41))} | K41: {=IF($Z41="","",INDEX('Dữ liệu gộp'!$K$2:$K$1001,$Z41))} | Z41: =IF($C$4="","",IFERROR(MATCH(32,'Dữ liệu gộp'!$L$2:$L$1001,0),""))
A42: =IF(Z42="","",33) | B42: {=IF($Z42="","",INDEX('Dữ liệu gộp'!$A$2:$A$1001,$Z42))} | C42: {=IF($Z42="","",INDEX('Dữ liệu gộp'!$B$2:$B$1001,$Z42))} | D42: {=IF($Z42="","",INDEX('Dữ liệu gộp'!$C$2:$C$1001,$Z42))} | E42: {=IF($Z42="","",INDEX('Dữ liệu gộp'!$D$2:$D$1001,$Z42))} | F42: {=IF($Z42="","",INDEX('Dữ liệu gộp'!$E$2:$E$1001,$Z42))} | G42: {=IF($Z42="","",INDEX('Dữ liệu gộp'!$F$2:$F$1001,$Z42))} | H42: {=IF($Z42="","",INDEX('Dữ liệu gộp'!$H$2:$H$1001,$Z42))} | I42: {=IF($Z42="","",INDEX('Dữ liệu gộp'!$I$2:$I$1001,$Z42))} | J42: {=IF($Z42="","",INDEX('Dữ liệu gộp'!$J$2:$J$1001,$Z42))} | K42: {=IF($Z42="","",INDEX('Dữ liệu gộp'!$K$2:$K$1001,$Z42))} | Z42: =IF($C$4="","",IFERROR(MATCH(33,'Dữ liệu gộp'!$L$2:$L$1001,0),""))
A43: =IF(Z43="","",34) | B43: {=IF($Z43="","",INDEX('Dữ liệu gộp'!$A$2:$A$1001,$Z43))} | C43: {=IF($Z43="","",INDEX('Dữ liệu gộp'!$B$2:$B$1001,$Z43))} | D43: {=IF($Z43="","",INDEX('Dữ liệu gộp'!$C$2:$C$1001,$Z43))} | E43: {=IF($Z43="","",INDEX('Dữ liệu gộp'!$D$2:$D$1001,$Z43))} | F43: {=IF($Z43="","",INDEX('Dữ liệu gộp'!$E$2:$E$1001,$Z43))} | G43: {=IF($Z43="","",INDEX('Dữ liệu gộp'!$F$2:$F$1001,$Z43))} | H43: {=IF($Z43="","",INDEX('Dữ liệu gộp'!$H$2:$H$1001,$Z43))} | I43: {=IF($Z43="","",INDEX('Dữ liệu gộp'!$I$2:$I$1001,$Z43))} | J43: {=IF($Z43="","",INDEX('Dữ liệu gộp'!$J$2:$J$1001,$Z43))} | K43: {=IF($Z43="","",INDEX('Dữ liệu gộp'!$K$2:$K$1001,$Z43))} | Z43: =IF($C$4="","",IFERROR(MATCH(34,'Dữ liệu gộp'!$L$2:$L$1001,0),""))
A44: =IF(Z44="","",35) | B44: {=IF($Z44="","",INDEX('Dữ liệu gộp'!$A$2:$A$1001,$Z44))} | C44: {=IF($Z44="","",INDEX('Dữ liệu gộp'!$B$2:$B$1001,$Z44))} | D44: {=IF($Z44="","",INDEX('Dữ liệu gộp'!$C$2:$C$1001,$Z44))} | E44: {=IF($Z44="","",INDEX('Dữ liệu gộp'!$D$2:$D$1001,$Z44))} | F44: {=IF($Z44="","",INDEX('Dữ liệu gộp'!$E$2:$E$1001,$Z44))} | G44: {=IF($Z44="","",INDEX('Dữ liệu gộp'!$F$2:$F$1001,$Z44))} | H44: {=IF($Z44="","",INDEX('Dữ liệu gộp'!$H$2:$H$1001,$Z44))} | I44: {=IF($Z44="","",INDEX('Dữ liệu gộp'!$I$2:$I$1001,$Z44))} | J44: {=IF($Z44="","",INDEX('Dữ liệu gộp'!$J$2:$J$1001,$Z44))} | K44: {=IF($Z44="","",INDEX('Dữ liệu gộp'!$K$2:$K$1001,$Z44))} | Z44: =IF($C$4="","",IFERROR(MATCH(35,'Dữ liệu gộp'!$L$2:$L$1001,0),""))
A45: =IF(Z45="","",36) | B45: {=IF($Z45="","",INDEX('Dữ liệu gộp'!$A$2:$A$1001,$Z45))} | C45: {=IF($Z45="","",INDEX('Dữ liệu gộp'!$B$2:$B$1001,$Z45))} | D45: {=IF($Z45="","",INDEX('Dữ liệu gộp'!$C$2:$C$1001,$Z45))} | E45: {=IF($Z45="","",INDEX('Dữ liệu gộp'!$D$2:$D$1001,$Z45))} | F45: {=IF($Z45="","",INDEX('Dữ liệu gộp'!$E$2:$E$1001,$Z45))} | G45: {=IF($Z45="","",INDEX('Dữ liệu gộp'!$F$2:$F$1001,$Z45))} | H45: {=IF($Z45="","",INDEX('Dữ liệu gộp'!$H$2:$H$1001,$Z45))} | I45: {=IF($Z45="","",INDEX('Dữ liệu gộp'!$I$2:$I$1001,$Z45))} | J45: {=IF($Z45="","",INDEX('Dữ liệu gộp'!$J$2:$J$1001,$Z45))} | K45: {=IF($Z45="","",INDEX('Dữ liệu gộp'!$K$2:$K$1001,$Z45))} | Z45: =IF($C$4="","",IFERROR(MATCH(36,'Dữ liệu gộp'!$L$2:$L$1001,0),""))
A46: =IF(Z46="","",37) | B46: {=IF($Z46="","",INDEX('Dữ liệu gộp'!$A$2:$A$1001,$Z46))} | C46: {=IF($Z46="","",INDEX('Dữ liệu gộp'!$B$2:$B$1001,$Z46))} | D46: {=IF($Z46="","",INDEX('Dữ liệu gộp'!$C$2:$C$1001,$Z46))} | E46: {=IF($Z46="","",INDEX('Dữ liệu gộp'!$D$2:$D$1001,$Z46))} | F46: {=IF($Z46="","",INDEX('Dữ liệu gộp'!$E$2:$E$1001,$Z46))} | G46: {=IF($Z46="","",INDEX('Dữ liệu gộp'!$F$2:$F$1001,$Z46))} | H46: {=IF($Z46="","",INDEX('Dữ liệu gộp'!$H$2:$H$1001,$Z46))} | I46: {=IF($Z46="","",INDEX('Dữ liệu gộp'!$I$2:$I$1001,$Z46))} | J46: {=IF($Z46="","",INDEX('Dữ liệu gộp'!$J$2:$J$1001,$Z46))} | K46: {=IF($Z46="","",INDEX('Dữ liệu gộp'!$K$2:$K$1001,$Z46))} | Z46: =IF($C$4="","",IFERROR(MATCH(37,'Dữ liệu gộp'!$L$2:$L$1001,0),""))
A47: =IF(Z47="","",38) | B47: {=IF($Z47="","",INDEX('Dữ liệu gộp'!$A$2:$A$1001,$Z47))} | C47: {=IF($Z47="","",INDEX('Dữ liệu gộp'!$B$2:$B$1001,$Z47))} | D47: {=IF($Z47="","",INDEX('Dữ liệu gộp'!$C$2:$C$1001,$Z47))} | E47: {=IF($Z47="","",INDEX('Dữ liệu gộp'!$D$2:$D$1001,$Z47))} | F47: {=IF($Z47="","",INDEX('Dữ liệu gộp'!$E$2:$E$1001,$Z47))} | G47: {=IF($Z47="","",INDEX('Dữ liệu gộp'!$F$2:$F$1001,$Z47))} | H47: {=IF($Z47="","",INDEX('Dữ liệu gộp'!$H$2:$H$1001,$Z47))} | I47: {=IF($Z47="","",INDEX('Dữ liệu gộp'!$I$2:$I$1001,$Z47))} | J47: {=IF($Z47="","",INDEX('Dữ liệu gộp'!$J$2:$J$1001,$Z47))} | K47: {=IF($Z47="","",INDEX('Dữ liệu gộp'!$K$2:$K$1001,$Z47))} | Z47: =IF($C$4="","",IFERROR(MATCH(38,'Dữ liệu gộp'!$L$2:$L$1001,0),""))
A48: =IF(Z48="","",39) | B48: {=IF($Z48="","",INDEX('Dữ liệu gộp'!$A$2:$A$1001,$Z48))} | C48: {=IF($Z48="","",INDEX('Dữ liệu gộp'!$B$2:$B$1001,$Z48))} | D48: {=IF($Z48="","",INDEX('Dữ liệu gộp'!$C$2:$C$1001,$Z48))} | E48: {=IF($Z48="","",INDEX('Dữ liệu gộp'!$D$2:$D$1001,$Z48))} | F48: {=IF($Z48="","",INDEX('Dữ liệu gộp'!$E$2:$E$1001,$Z48))} | G48: {=IF($Z48="","",INDEX('Dữ liệu gộp'!$F$2:$F$1001,$Z48))} | H48: {=IF($Z48="","",INDEX('Dữ liệu gộp'!$H$2:$H$1001,$Z48))} | I48: {=IF($Z48="","",INDEX('Dữ liệu gộp'!$I$2:$I$1001,$Z48))} | J48: {=IF($Z48="","",INDEX('Dữ liệu gộp'!$J$2:$J$1001,$Z48))} | K48: {=IF($Z48="","",INDEX('Dữ liệu gộp'!$K$2:$K$1001,$Z48))} | Z48: =IF($C$4="","",IFERROR(MATCH(39,'Dữ liệu gộp'!$L$2:$L$1001,0),""))
A49: =IF(Z49="","",40) | B49: {=IF($Z49="","",INDEX('Dữ liệu gộp'!$A$2:$A$1001,$Z49))} | C49: {=IF($Z49="","",INDEX('Dữ liệu gộp'!$B$2:$B$1001,$Z49))} | D49: {=IF($Z49="","",INDEX('Dữ liệu gộp'!$C$2:$C$1001,$Z49))} | E49: {=IF($Z49="","",INDEX('Dữ liệu gộp'!$D$2:$D$1001,$Z49))} | F49: {=IF($Z49="","",INDEX('Dữ liệu gộp'!$E$2:$E$1001,$Z49))} | G49: {=IF($Z49="","",INDEX('Dữ liệu gộp'!$F$2:$F$1001,$Z49))} | H49: {=IF($Z49="","",INDEX('Dữ liệu gộp'!$H$2:$H$1001,$Z49))} | I49: {=IF($Z49="","",INDEX('Dữ liệu gộp'!$I$2:$I$1001,$Z49))} | J49: {=IF($Z49="","",INDEX('Dữ liệu gộp'!$J$2:$J$1001,$Z49))} | K49: {=IF($Z49="","",INDEX('Dữ liệu gộp'!$K$2:$K$1001,$Z49))} | Z49: =IF($C$4="","",IFERROR(MATCH(40,'Dữ liệu gộp'!$L$2:$L$1001,0),""))
A50: =IF(Z50="","",41) | B50: {=IF($Z50="","",INDEX('Dữ liệu gộp'!$A$2:$A$1001,$Z50))} | C50: {=IF($Z50="","",INDEX('Dữ liệu gộp'!$B$2:$B$1001,$Z50))} | D50: {=IF($Z50="","",INDEX('Dữ liệu gộp'!$C$2:$C$1001,$Z50))} | E50: {=IF($Z50="","",INDEX('Dữ liệu gộp'!$D$2:$D$1001,$Z50))} | F50: {=IF($Z50="","",INDEX('Dữ liệu gộp'!$E$2:$E$1001,$Z50))} | G50: {=IF($Z50="","",INDEX('Dữ liệu gộp'!$F$2:$F$1001,$Z50))} | H50: {=IF($Z50="","",INDEX('Dữ liệu gộp'!$H$2:$H$1001,$Z50))} | I50: {=IF($Z50="","",INDEX('Dữ liệu gộp'!$I$2:$I$1001,$Z50))} | J50: {=IF($Z50="","",INDEX('Dữ liệu gộp'!$J$2:$J$1001,$Z50))} | K50: {=IF($Z50="","",INDEX('Dữ liệu gộp'!$K$2:$K$1001,$Z50))} | Z50: =IF($C$4="","",IFERROR(MATCH(41,'Dữ liệu gộp'!$L$2:$L$1001,0),""))
A51: =IF(Z51="","",42) | B51: {=IF($Z51="","",INDEX('Dữ liệu gộp'!$A$2:$A$1001,$Z51))} | C51: {=IF($Z51="","",INDEX('Dữ liệu gộp'!$B$2:$B$1001,$Z51))} | D51: {=IF($Z51="","",INDEX('Dữ liệu gộp'!$C$2:$C$1001,$Z51))} | E51: {=IF($Z51="","",INDEX('Dữ liệu gộp'!$D$2:$D$1001,$Z51))} | F51: {=IF($Z51="","",INDEX('Dữ liệu gộp'!$E$2:$E$1001,$Z51))} | G51: {=IF($Z51="","",INDEX('Dữ liệu gộp'!$F$2:$F$1001,$Z51))} | H51: {=IF($Z51="","",INDEX('Dữ liệu gộp'!$H$2:$H$1001,$Z51))} | I51: {=IF($Z51="","",INDEX('Dữ liệu gộp'!$I$2:$I$1001,$Z51))} | J51: {=IF($Z51="","",INDEX('Dữ liệu gộp'!$J$2:$J$1001,$Z51))} | K51: {=IF($Z51="","",INDEX('Dữ liệu gộp'!$K$2:$K$1001,$Z51))} | Z51: =IF($C$4="","",IFERROR(MATCH(42,'Dữ liệu gộp'!$L$2:$L$1001,0),""))
A52: =IF(Z52="","",43) | B52: {=IF($Z52="","",INDEX('Dữ liệu gộp'!$A$2:$A$1001,$Z52))} | C52: {=IF($Z52="","",INDEX('Dữ liệu gộp'!$B$2:$B$1001,$Z52))} | D52: {=IF($Z52="","",INDEX('Dữ liệu gộp'!$C$2:$C$1001,$Z52))} | E52: {=IF($Z52="","",INDEX('Dữ liệu gộp'!$D$2:$D$1001,$Z52))} | F52: {=IF($Z52="","",INDEX('Dữ liệu gộp'!$E$2:$E$1001,$Z52))} | G52: {=IF($Z52="","",INDEX('Dữ liệu gộp'!$F$2:$F$1001,$Z52))} | H52: {=IF($Z52="","",INDEX('Dữ liệu gộp'!$H$2:$H$1001,$Z52))} | I52: {=IF($Z52="","",INDEX('Dữ liệu gộp'!$I$2:$I$1001,$Z52))} | J52: {=IF($Z52="","",INDEX('Dữ liệu gộp'!$J$2:$J$1001,$Z52))} | K52: {=IF($Z52="","",INDEX('Dữ liệu gộp'!$K$2:$K$1001,$Z52))} | Z52: =IF($C$4="","",IFERROR(MATCH(43,'Dữ liệu gộp'!$L$2:$L$1001,0),""))
A53: =IF(Z53="","",44) | B53: {=IF($Z53="","",INDEX('Dữ liệu gộp'!$A$2:$A$1001,$Z53))} | C53: {=IF($Z53="","",INDEX('Dữ liệu gộp'!$B$2:$B$1001,$Z53))} | D53: {=IF($Z53="","",INDEX('Dữ liệu gộp'!$C$2:$C$1001,$Z53))} | E53: {=IF($Z53="","",INDEX('Dữ liệu gộp'!$D$2:$D$1001,$Z53))} | F53: {=IF($Z53="","",INDEX('Dữ liệu gộp'!$E$2:$E$1001,$Z53))} | G53: {=IF($Z53="","",INDEX('Dữ liệu gộp'!$F$2:$F$1001,$Z53))} | H53: {=IF($Z53="","",INDEX('Dữ liệu gộp'!$H$2:$H$1001,$Z53))} | I53: {=IF($Z53="","",INDEX('Dữ liệu gộp'!$I$2:$I$1001,$Z53))} | J53: {=IF($Z53="","",INDEX('Dữ liệu gộp'!$J$2:$J$1001,$Z53))} | K53: {=IF($Z53="","",INDEX('Dữ liệu gộp'!$K$2:$K$1001,$Z53))} | Z53: =IF($C$4="","",IFERROR(MATCH(44,'Dữ liệu gộp'!$L$2:$L$1001,0),""))
A54: =IF(Z54="","",45) | B54: {=IF($Z54="","",INDEX('Dữ liệu gộp'!$A$2:$A$1001,$Z54))} | C54: {=IF($Z54="","",INDEX('Dữ liệu gộp'!$B$2:$B$1001,$Z54))} | D54: {=IF($Z54="","",INDEX('Dữ liệu gộp'!$C$2:$C$1001,$Z54))} | E54: {=IF($Z54="","",INDEX('Dữ liệu gộp'!$D$2:$D$1001,$Z54))} | F54: {=IF($Z54="","",INDEX('Dữ liệu gộp'!$E$2:$E$1001,$Z54))} | G54: {=IF($Z54="","",INDEX('Dữ liệu gộp'!$F$2:$F$1001,$Z54))} | H54: {=IF($Z54="","",INDEX('Dữ liệu gộp'!$H$2:$H$1001,$Z54))} | I54: {=IF($Z54="","",INDEX('Dữ liệu gộp'!$I$2:$I$1001,$Z54))} | J54: {=IF($Z54="","",INDEX('Dữ liệu gộp'!$J$2:$J$1001,$Z54))} | K54: {=IF($Z54="","",INDEX('Dữ liệu gộp'!$K$2:$K$1001,$Z54))} | Z54: =IF($C$4="","",IFERROR(MATCH(45,'Dữ liệu gộp'!$L$2:$L$1001,0),""))
A55: =IF(Z55="","",46) | B55: {=IF($Z55="","",INDEX('Dữ liệu gộp'!$A$2:$A$1001,$Z55))} | C55: {=IF($Z55="","",INDEX('Dữ liệu gộp'!$B$2:$B$1001,$Z55))} | D55: {=IF($Z55="","",INDEX('Dữ liệu gộp'!$C$2:$C$1001,$Z55))} | E55: {=IF($Z55="","",INDEX('Dữ liệu gộp'!$D$2:$D$1001,$Z55))} | F55: {=IF($Z55="","",INDEX('Dữ liệu gộp'!$E$2:$E$1001,$Z55))} | G55: {=IF($Z55="","",INDEX('Dữ liệu gộp'!$F$2:$F$1001,$Z55))} | H55: {=IF($Z55="","",INDEX('Dữ liệu gộp'!$H$2:$H$1001,$Z55))} | I55: {=IF($Z55="","",INDEX('Dữ liệu gộp'!$I$2:$I$1001,$Z55))} | J55: {=IF($Z55="","",INDEX('Dữ liệu gộp'!$J$2:$J$1001,$Z55))} | K55: {=IF($Z55="","",INDEX('Dữ liệu gộp'!$K$2:$K$1001,$Z55))} | Z55: =IF($C$4="","",IFERROR(MATCH(46,'Dữ liệu gộp'!$L$2:$L$1001,0),""))
A56: =IF(Z56="","",47) | B56: {=IF($Z56="","",INDEX('Dữ liệu gộp'!$A$2:$A$1001,$Z56))} | C56: {=IF($Z56="","",INDEX('Dữ liệu gộp'!$B$2:$B$1001,$Z56))} | D56: {=IF($Z56="","",INDEX('Dữ liệu gộp'!$C$2:$C$1001,$Z56))} | E56: {=IF($Z56="","",INDEX('Dữ liệu gộp'!$D$2:$D$1001,$Z56))} | F56: {=IF($Z56="","",INDEX('Dữ liệu gộp'!$E$2:$E$1001,$Z56))} | G56: {=IF($Z56="","",INDEX('Dữ liệu gộp'!$F$2:$F$1001,$Z56))} | H56: {=IF($Z56="","",INDEX('Dữ liệu gộp'!$H$2:$H$1001,$Z56))} | I56: {=IF($Z56="","",INDEX('Dữ liệu gộp'!$I$2:$I$1001,$Z56))} | J56: {=IF($Z56="","",INDEX('Dữ liệu gộp'!$J$2:$J$1001,$Z56))} | K56: {=IF($Z56="","",INDEX('Dữ liệu gộp'!$K$2:$K$1001,$Z56))} | Z56: =IF($C$4="","",IFERROR(MATCH(47,'Dữ liệu gộp'!$L$2:$L$1001,0),""))
A57: =IF(Z57="","",48) | B57: {=IF($Z57="","",INDEX('Dữ liệu gộp'!$A$2:$A$1001,$Z57))} | C57: {=IF($Z57="","",INDEX('Dữ liệu gộp'!$B$2:$B$1001,$Z57))} | D57: {=IF($Z57="","",INDEX('Dữ liệu gộp'!$C$2:$C$1001,$Z57))} | E57: {=IF($Z57="","",INDEX('Dữ liệu gộp'!$D$2:$D$1001,$Z57))} | F57: {=IF($Z57="","",INDEX('Dữ liệu gộp'!$E$2:$E$1001,$Z57))} | G57: {=IF($Z57="","",INDEX('Dữ liệu gộp'!$F$2:$F$1001,$Z57))} | H57: {=IF($Z57="","",INDEX('Dữ liệu gộp'!$H$2:$H$1001,$Z57))} | I57: {=IF($Z57="","",INDEX('Dữ liệu gộp'!$I$2:$I$1001,$Z57))} | J57: {=IF($Z57="","",INDEX('Dữ liệu gộp'!$J$2:$J$1001,$Z57))} | K57: {=IF($Z57="","",INDEX('Dữ liệu gộp'!$K$2:$K$1001,$Z57))} | Z57: =IF($C$4="","",IFERROR(MATCH(48,'Dữ liệu gộp'!$L$2:$L$1001,0),""))
A58: =IF(Z58="","",49) | B58: {=IF($Z58="","",INDEX('Dữ liệu gộp'!$A$2:$A$1001,$Z58))} | C58: {=IF($Z58="","",INDEX('Dữ liệu gộp'!$B$2:$B$1001,$Z58))} | D58: {=IF($Z58="","",INDEX('Dữ liệu gộp'!$C$2:$C$1001,$Z58))} | E58: {=IF($Z58="","",INDEX('Dữ liệu gộp'!$D$2:$D$1001,$Z58))} | F58: {=IF($Z58="","",INDEX('Dữ liệu gộp'!$E$2:$E$1001,$Z58))} | G58: {=IF($Z58="","",INDEX('Dữ liệu gộp'!$F$2:$F$1001,$Z58))} | H58: {=IF($Z58="","",INDEX('Dữ liệu gộp'!$H$2:$H$1001,$Z58))} | I58: {=IF($Z58="","",INDEX('Dữ liệu gộp'!$I$2:$I$1001,$Z58))} | J58: {=IF($Z58="","",INDEX('Dữ liệu gộp'!$J$2:$J$1001,$Z58))} | K58: {=IF($Z58="","",INDEX('Dữ liệu gộp'!$K$2:$K$1001,$Z58))} | Z58: =IF($C$4="","",IFERROR(MATCH(49,'Dữ liệu gộp'!$L$2:$L$1001,0),""))
A59: =IF(Z59="","",50) | B59: {=IF($Z59="","",INDEX('Dữ liệu gộp'!$A$2:$A$1001,$Z59))} | C59: {=IF($Z59="","",INDEX('Dữ liệu gộp'!$B$2:$B$1001,$Z59))} | D59: {=IF($Z59="","",INDEX('Dữ liệu gộp'!$C$2:$C$1001,$Z59))} | E59: {=IF($Z59="","",INDEX('Dữ liệu gộp'!$D$2:$D$1001,$Z59))} | F59: {=IF($Z59="","",INDEX('Dữ liệu gộp'!$E$2:$E$1001,$Z59))} | G59: {=IF($Z59="","",INDEX('Dữ liệu gộp'!$F$2:$F$1001,$Z59))} | H59: {=IF($Z59="","",INDEX('Dữ liệu gộp'!$H$2:$H$1001,$Z59))} | I59: {=IF($Z59="","",INDEX('Dữ liệu gộp'!$I$2:$I$1001,$Z59))} | J59: {=IF($Z59="","",INDEX('Dữ liệu gộp'!$J$2:$J$1001,$Z59))} | K59: {=IF($Z59="","",INDEX('Dữ liệu gộp'!$K$2:$K$1001,$Z59))} | Z59: =IF($C$4="","",IFERROR(MATCH(50,'Dữ liệu gộp'!$L$2:$L$1001,0),""))
A60: =IF(Z60="","",51) | B60: {=IF($Z60="","",INDEX('Dữ liệu gộp'!$A$2:$A$1001,$Z60))} | C60: {=IF($Z60="","",INDEX('Dữ liệu gộp'!$B$2:$B$1001,$Z60))} | D60: {=IF($Z60="","",INDEX('Dữ liệu gộp'!$C$2:$C$1001,$Z60))} | E60: {=IF($Z60="","",INDEX('Dữ liệu gộp'!$D$2:$D$1001,$Z60))} | F60: {=IF($Z60="","",INDEX('Dữ liệu gộp'!$E$2:$E$1001,$Z60))} | G60: {=IF($Z60="","",INDEX('Dữ liệu gộp'!$F$2:$F$1001,$Z60))} | H60: {=IF($Z60="","",INDEX('Dữ liệu gộp'!$H$2:$H$1001,$Z60))} | I60: {=IF($Z60="","",INDEX('Dữ liệu gộp'!$I$2:$I$1001,$Z60))} | J60: {=IF($Z60="","",INDEX('Dữ liệu gộp'!$J$2:$J$1001,$Z60))} | K60: {=IF($Z60="","",INDEX('Dữ liệu gộp'!$K$2:$K$1001,$Z60))} | Z60: =IF($C$4="","",IFERROR(MATCH(51,'Dữ liệu gộp'!$L$2:$L$1001,0),""))
A61: =IF(Z61="","",52) | B61: {=IF($Z61="","",INDEX('Dữ liệu gộp'!$A$2:$A$1001,$Z61))} | C61: {=IF($Z61="","",INDEX('Dữ liệu gộp'!$B$2:$B$1001,$Z61))} | D61: {=IF($Z61="","",INDEX('Dữ liệu gộp'!$C$2:$C$1001,$Z61))} | E61: {=IF($Z61="","",INDEX('Dữ liệu gộp'!$D$2:$D$1001,$Z61))} | F61: {=IF($Z61="","",INDEX('Dữ liệu gộp'!$E$2:$E$1001,$Z61))} | G61: {=IF($Z61="","",INDEX('Dữ liệu gộp'!$F$2:$F$1001,$Z61))} | H61: {=IF($Z61="","",INDEX('Dữ liệu gộp'!$H$2:$H$1001,$Z61))} | I61: {=IF($Z61="","",INDEX('Dữ liệu gộp'!$I$2:$I$1001,$Z61))} | J61: {=IF($Z61="","",INDEX('Dữ liệu gộp'!$J$2:$J$1001,$Z61))} | K61: {=IF($Z61="","",INDEX('Dữ liệu gộp'!$K$2:$K$1001,$Z61))} | Z61: =IF($C$4="","",IFERROR(MATCH(52,'Dữ liệu gộp'!$L$2:$L$1001,0),""))
A62: =IF(Z62="","",53) | B62: {=IF($Z62="","",INDEX('Dữ liệu gộp'!$A$2:$A$1001,$Z62))} | C62: {=IF($Z62="","",INDEX('Dữ liệu gộp'!$B$2:$B$1001,$Z62))} | D62: {=IF($Z62="","",INDEX('Dữ liệu gộp'!$C$2:$C$1001,$Z62))} | E62: {=IF($Z62="","",INDEX('Dữ liệu gộp'!$D$2:$D$1001,$Z62))} | F62: {=IF($Z62="","",INDEX('Dữ liệu gộp'!$E$2:$E$1001,$Z62))} | G62: {=IF($Z62="","",INDEX('Dữ liệu gộp'!$F$2:$F$1001,$Z62))} | H62: {=IF($Z62="","",INDEX('Dữ liệu gộp'!$H$2:$H$1001,$Z62))} | I62: {=IF($Z62="","",INDEX('Dữ liệu gộp'!$I$2:$I$1001,$Z62))} | J62: {=IF($Z62="","",INDEX('Dữ liệu gộp'!$J$2:$J$1001,$Z62))} | K62: {=IF($Z62="","",INDEX('Dữ liệu gộp'!$K$2:$K$1001,$Z62))} | Z62: =IF($C$4="","",IFERROR(MATCH(53,'Dữ liệu gộp'!$L$2:$L$1001,0),""))
A63: =IF(Z63="","",54) | B63: {=IF($Z63="","",INDEX('Dữ liệu gộp'!$A$2:$A$1001,$Z63))} | C63: {=IF($Z63="","",INDEX('Dữ liệu gộp'!$B$2:$B$1001,$Z63))} | D63: {=IF($Z63="","",INDEX('Dữ liệu gộp'!$C$2:$C$1001,$Z63))} | E63: {=IF($Z63="","",INDEX('Dữ liệu gộp'!$D$2:$D$1001,$Z63))} | F63: {=IF($Z63="","",INDEX('Dữ liệu gộp'!$E$2:$E$1001,$Z63))} | G63: {=IF($Z63="","",INDEX('Dữ liệu gộp'!$F$2:$F$1001,$Z63))} | H63: {=IF($Z63="","",INDEX('Dữ liệu gộp'!$H$2:$H$1001,$Z63))} | I63: {=IF($Z63="","",INDEX('Dữ liệu gộp'!$I$2:$I$1001,$Z63))} | J63: {=IF($Z63="","",INDEX('Dữ liệu gộp'!$J$2:$J$1001,$Z63))} | K63: {=IF($Z63="","",INDEX('Dữ liệu gộp'!$K$2:$K$1001,$Z63))} | Z63: =IF($C$4="","",IFERROR(MATCH(54,'Dữ liệu gộp'!$L$2:$L$1001,0),""))
A64: =IF(Z64="","",55) | B64: {=IF($Z64="","",INDEX('Dữ liệu gộp'!$A$2:$A$1001,$Z64))} | C64: {=IF($Z64="","",INDEX('Dữ liệu gộp'!$B$2:$B$1001,$Z64))} | D64: {=IF($Z64="","",INDEX('Dữ liệu gộp'!$C$2:$C$1001,$Z64))} | E64: {=IF($Z64="","",INDEX('Dữ liệu gộp'!$D$2:$D$1001,$Z64))} | F64: {=IF($Z64="","",INDEX('Dữ liệu gộp'!$E$2:$E$1001,$Z64))} | G64: {=IF($Z64="","",INDEX('Dữ liệu gộp'!$F$2:$F$1001,$Z64))} | H64: {=IF($Z64="","",INDEX('Dữ liệu gộp'!$H$2:$H$1001,$Z64))} | I64: {=IF($Z64="","",INDEX('Dữ liệu gộp'!$I$2:$I$1001,$Z64))} | J64: {=IF($Z64="","",INDEX('Dữ liệu gộp'!$J$2:$J$1001,$Z64))} | K64: {=IF($Z64="","",INDEX('Dữ liệu gộp'!$K$2:$K$1001,$Z64))} | Z64: =IF($C$4="","",IFERROR(MATCH(55,'Dữ liệu gộp'!$L$2:$L$1001,0),""))
A65: =IF(Z65="","",56) | B65: {=IF($Z65="","",INDEX('Dữ liệu gộp'!$A$2:$A$1001,$Z65))} | C65: {=IF($Z65="","",INDEX('Dữ liệu gộp'!$B$2:$B$1001,$Z65))} | D65: {=IF($Z65="","",INDEX('Dữ liệu gộp'!$C$2:$C$1001,$Z65))} | E65: {=IF($Z65="","",INDEX('Dữ liệu gộp'!$D$2:$D$1001,$Z65))} | F65: {=IF($Z65="","",INDEX('Dữ liệu gộp'!$E$2:$E$1001,$Z65))} | G65: {=IF($Z65="","",INDEX('Dữ liệu gộp'!$F$2:$F$1001,$Z65))} | H65: {=IF($Z65="","",INDEX('Dữ liệu gộp'!$H$2:$H$1001,$Z65))} | I65: {=IF($Z65="","",INDEX('Dữ liệu gộp'!$I$2:$I$1001,$Z65))} | J65: {=IF($Z65="","",INDEX('Dữ liệu gộp'!$J$2:$J$1001,$Z65))} | K65: {=IF($Z65="","",INDEX('Dữ liệu gộp'!$K$2:$K$1001,$Z65))} | Z65: =IF($C$4="","",IFERROR(MATCH(56,'Dữ liệu gộp'!$L$2:$L$1001,0),""))
A66: =IF(Z66="","",57) | B66: {=IF($Z66="","",INDEX('Dữ liệu gộp'!$A$2:$A$1001,$Z66))} | C66: {=IF($Z66="","",INDEX('Dữ liệu gộp'!$B$2:$B$1001,$Z66))} | D66: {=IF($Z66="","",INDEX('Dữ liệu gộp'!$C$2:$C$1001,$Z66))} | E66: {=IF($Z66="","",INDEX('Dữ liệu gộp'!$D$2:$D$1001,$Z66))} | F66: {=IF($Z66="","",INDEX('Dữ liệu gộp'!$E$2:$E$1001,$Z66))} | G66: {=IF($Z66="","",INDEX('Dữ liệu gộp'!$F$2:$F$1001,$Z66))} | H66: {=IF($Z66="","",INDEX('Dữ liệu gộp'!$H$2:$H$1001,$Z66))} | I66: {=IF($Z66="","",INDEX('Dữ liệu gộp'!$I$2:$I$1001,$Z66))} | J66: {=IF($Z66="","",INDEX('Dữ liệu gộp'!$J$2:$J$1001,$Z66))} | K66: {=IF($Z66="","",INDEX('Dữ liệu gộp'!$K$2:$K$1001,$Z66))} | Z66: =IF($C$4="","",IFERROR(MATCH(57,'Dữ liệu gộp'!$L$2:$L$1001,0),""))
A67: =IF(Z67="","",58) | B67: {=IF($Z67="","",INDEX('Dữ liệu gộp'!$A$2:$A$1001,$Z67))} | C67: {=IF($Z67="","",INDEX('Dữ liệu gộp'!$B$2:$B$1001,$Z67))} | D67: {=IF($Z67="","",INDEX('Dữ liệu gộp'!$C$2:$C$1001,$Z67))} | E67: {=IF($Z67="","",INDEX('Dữ liệu gộp'!$D$2:$D$1001,$Z67))} | F67: {=IF($Z67="","",INDEX('Dữ liệu gộp'!$E$2:$E$1001,$Z67))} | G67: {=IF($Z67="","",INDEX('Dữ liệu gộp'!$F$2:$F$1001,$Z67))} | H67: {=IF($Z67="","",INDEX('Dữ liệu gộp'!$H$2:$H$1001,$Z67))} | I67: {=IF($Z67="","",INDEX('Dữ liệu gộp'!$I$2:$I$1001,$Z67))} | J67: {=IF($Z67="","",INDEX('Dữ liệu gộp'!$J$2:$J$1001,$Z67))} | K67: {=IF($Z67="","",INDEX('Dữ liệu gộp'!$K$2:$K$1001,$Z67))} | Z67: =IF($C$4="","",IFERROR(MATCH(58,'Dữ liệu gộp'!$L$2:$L$1001,0),""))
A68: =IF(Z68="","",59) | B68: {=IF($Z68="","",INDEX('Dữ liệu gộp'!$A$2:$A$1001,$Z68))} | C68: {=IF($Z68="","",INDEX('Dữ liệu gộp'!$B$2:$B$1001,$Z68))} | D68: {=IF($Z68="","",INDEX('Dữ liệu gộp'!$C$2:$C$1001,$Z68))} | E68: {=IF($Z68="","",INDEX('Dữ liệu gộp'!$D$2:$D$1001,$Z68))} | F68: {=IF($Z68="","",INDEX('Dữ liệu gộp'!$E$2:$E$1001,$Z68))} | G68: {=IF($Z68="","",INDEX('Dữ liệu gộp'!$F$2:$F$1001,$Z68))} | H68: {=IF($Z68="","",INDEX('Dữ liệu gộp'!$H$2:$H$1001,$Z68))} | I68: {=IF($Z68="","",INDEX('Dữ liệu gộp'!$I$2:$I$1001,$Z68))} | J68: {=IF($Z68="","",INDEX('Dữ liệu gộp'!$J$2:$J$1001,$Z68))} | K68: {=IF($Z68="","",INDEX('Dữ liệu gộp'!$K$2:$K$1001,$Z68))} | Z68: =IF($C$4="","",IFERROR(MATCH(59,'Dữ liệu gộp'!$L$2:$L$1001,0),""))
A69: =IF(Z69="","",60) | B69: {=IF($Z69="","",INDEX('Dữ liệu gộp'!$A$2:$A$1001,$Z69))} | C69: {=IF($Z69="","",INDEX('Dữ liệu gộp'!$B$2:$B$1001,$Z69))} | D69: {=IF($Z69="","",INDEX('Dữ liệu gộp'!$C$2:$C$1001,$Z69))} | E69: {=IF($Z69="","",INDEX('Dữ liệu gộp'!$D$2:$D$1001,$Z69))} | F69: {=IF($Z69="","",INDEX('Dữ liệu gộp'!$E$2:$E$1001,$Z69))} | G69: {=IF($Z69="","",INDEX('Dữ liệu gộp'!$F$2:$F$1001,$Z69))} | H69: {=IF($Z69="","",INDEX('Dữ liệu gộp'!$H$2:$H$1001,$Z69))} | I69: {=IF($Z69="","",INDEX('Dữ liệu gộp'!$I$2:$I$1001,$Z69))} | J69: {=IF($Z69="","",INDEX('Dữ liệu gộp'!$J$2:$J$1001,$Z69))} | K69: {=IF($Z69="","",INDEX('Dữ liệu gộp'!$K$2:$K$1001,$Z69))} | Z69: =IF($C$4="","",IFERROR(MATCH(60,'Dữ liệu gộp'!$L$2:$L$1001,0),""))
A70: =IF(Z70="","",61) | B70: {=IF($Z70="","",INDEX('Dữ liệu gộp'!$A$2:$A$1001,$Z70))} | C70: {=IF($Z70="","",INDEX('Dữ liệu gộp'!$B$2:$B$1001,$Z70))} | D70: {=IF($Z70="","",INDEX('Dữ liệu gộp'!$C$2:$C$1001,$Z70))} | E70: {=IF($Z70="","",INDEX('Dữ liệu gộp'!$D$2:$D$1001,$Z70))} | F70: {=IF($Z70="","",INDEX('Dữ liệu gộp'!$E$2:$E$1001,$Z70))} | G70: {=IF($Z70="","",INDEX('Dữ liệu gộp'!$F$2:$F$1001,$Z70))} | H70: {=IF($Z70="","",INDEX('Dữ liệu gộp'!$H$2:$H$1001,$Z70))} | I70: {=IF($Z70="","",INDEX('Dữ liệu gộp'!$I$2:$I$1001,$Z70))} | J70: {=IF($Z70="","",INDEX('Dữ liệu gộp'!$J$2:$J$1001,$Z70))} | K70: {=IF($Z70="","",INDEX('Dữ liệu gộp'!$K$2:$K$1001,$Z70))} | Z70: =IF($C$4="","",IFERROR(MATCH(61,'Dữ liệu gộp'!$L$2:$L$1001,0),""))
A71: =IF(Z71="","",62) | B71: {=IF($Z71="","",INDEX('Dữ liệu gộp'!$A$2:$A$1001,$Z71))} | C71: {=IF($Z71="","",INDEX('Dữ liệu gộp'!$B$2:$B$1001,$Z71))} | D71: {=IF($Z71="","",INDEX('Dữ liệu gộp'!$C$2:$C$1001,$Z71))} | E71: {=IF($Z71="","",INDEX('Dữ liệu gộp'!$D$2:$D$1001,$Z71))} | F71: {=IF($Z71="","",INDEX('Dữ liệu gộp'!$E$2:$E$1001,$Z71))} | G71: {=IF($Z71="","",INDEX('Dữ liệu gộp'!$F$2:$F$1001,$Z71))} | H71: {=IF($Z71="","",INDEX('Dữ liệu gộp'!$H$2:$H$1001,$Z71))} | I71: {=IF($Z71="","",INDEX('Dữ liệu gộp'!$I$2:$I$1001,$Z71))} | J71: {=IF($Z71="","",INDEX('Dữ liệu gộp'!$J$2:$J$1001,$Z71))} | K71: {=IF($Z71="","",INDEX('Dữ liệu gộp'!$K$2:$K$1001,$Z71))} | Z71: =IF($C$4="","",IFERROR(MATCH(62,'Dữ liệu gộp'!$L$2:$L$1001,0),""))
A72: =IF(Z72="","",63) | B72: {=IF($Z72="","",INDEX('Dữ liệu gộp'!$A$2:$A$1001,$Z72))} | C72: {=IF($Z72="","",INDEX('Dữ liệu gộp'!$B$2:$B$1001,$Z72))} | D72: {=IF($Z72="","",INDEX('Dữ liệu gộp'!$C$2:$C$1001,$Z72))} | E72: {=IF($Z72="","",INDEX('Dữ liệu gộp'!$D$2:$D$1001,$Z72))} | F72: {=IF($Z72="","",INDEX('Dữ liệu gộp'!$E$2:$E$1001,$Z72))} | G72: {=IF($Z72="","",INDEX('Dữ liệu gộp'!$F$2:$F$1001,$Z72))} | H72: {=IF($Z72="","",INDEX('Dữ liệu gộp'!$H$2:$H$1001,$Z72))} | I72: {=IF($Z72="","",INDEX('Dữ liệu gộp'!$I$2:$I$1001,$Z72))} | J72: {=IF($Z72="","",INDEX('Dữ liệu gộp'!$J$2:$J$1001,$Z72))} | K72: {=IF($Z72="","",INDEX('Dữ liệu gộp'!$K$2:$K$1001,$Z72))} | Z72: =IF($C$4="","",IFERROR(MATCH(63,'Dữ liệu gộp'!$L$2:$L$1001,0),""))
A73: =IF(Z73="","",64) | B73: {=IF($Z73="","",INDEX('Dữ liệu gộp'!$A$2:$A$1001,$Z73))} | C73: {=IF($Z73="","",INDEX('Dữ liệu gộp'!$B$2:$B$1001,$Z73))} | D73: {=IF($Z73="","",INDEX('Dữ liệu gộp'!$C$2:$C$1001,$Z73))} | E73: {=IF($Z73="","",INDEX('Dữ liệu gộp'!$D$2:$D$1001,$Z73))} | F73: {=IF($Z73="","",INDEX('Dữ liệu gộp'!$E$2:$E$1001,$Z73))} | G73: {=IF($Z73="","",INDEX('Dữ liệu gộp'!$F$2:$F$1001,$Z73))} | H73: {=IF($Z73="","",INDEX('Dữ liệu gộp'!$H$2:$H$1001,$Z73))} | I73: {=IF($Z73="","",INDEX('Dữ liệu gộp'!$I$2:$I$1001,$Z73))} | J73: {=IF($Z73="","",INDEX('Dữ liệu gộp'!$J$2:$J$1001,$Z73))} | K73: {=IF($Z73="","",INDEX('Dữ liệu gộp'!$K$2:$K$1001,$Z73))} | Z73: =IF($C$4="","",IFERROR(MATCH(64,'Dữ liệu gộp'!$L$2:$L$1001,0),""))
A74: =IF(Z74="","",65) | B74: {=IF($Z74="","",INDEX('Dữ liệu gộp'!$A$2:$A$1001,$Z74))} | C74: {=IF($Z74="","",INDEX('Dữ liệu gộp'!$B$2:$B$1001,$Z74))} | D74: {=IF($Z74="","",INDEX('Dữ liệu gộp'!$C$2:$C$1001,$Z74))} | E74: {=IF($Z74="","",INDEX('Dữ liệu gộp'!$D$2:$D$1001,$Z74))} | F74: {=IF($Z74="","",INDEX('Dữ liệu gộp'!$E$2:$E$1001,$Z74))} | G74: {=IF($Z74="","",INDEX('Dữ liệu gộp'!$F$2:$F$1001,$Z74))} | H74: {=IF($Z74="","",INDEX('Dữ liệu gộp'!$H$2:$H$1001,$Z74))} | I74: {=IF($Z74="","",INDEX('Dữ liệu gộp'!$I$2:$I$1001,$Z74))} | J74: {=IF($Z74="","",INDEX('Dữ liệu gộp'!$J$2:$J$1001,$Z74))} | K74: {=IF($Z74="","",INDEX('Dữ liệu gộp'!$K$2:$K$1001,$Z74))} | Z74: =IF($C$4="","",IFERROR(MATCH(65,'Dữ liệu gộp'!$L$2:$L$1001,0),""))
A75: =IF(Z75="","",66) | B75: {=IF($Z75="","",INDEX('Dữ liệu gộp'!$A$2:$A$1001,$Z75))} | C75: {=IF($Z75="","",INDEX('Dữ liệu gộp'!$B$2:$B$1001,$Z75))} | D75: {=IF($Z75="","",INDEX('Dữ liệu gộp'!$C$2:$C$1001,$Z75))} | E75: {=IF($Z75="","",INDEX('Dữ liệu gộp'!$D$2:$D$1001,$Z75))} | F75: {=IF($Z75="","",INDEX('Dữ liệu gộp'!$E$2:$E$1001,$Z75))} | G75: {=IF($Z75="","",INDEX('Dữ liệu gộp'!$F$2:$F$1001,$Z75))} | H75: {=IF($Z75="","",INDEX('Dữ liệu gộp'!$H$2:$H$1001,$Z75))} | I75: {=IF($Z75="","",INDEX('Dữ liệu gộp'!$I$2:$I$1001,$Z75))} | J75: {=IF($Z75="","",INDEX('Dữ liệu gộp'!$J$2:$J$1001,$Z75))} | K75: {=IF($Z75="","",INDEX('Dữ liệu gộp'!$K$2:$K$1001,$Z75))} | Z75: =IF($C$4="","",IFERROR(MATCH(66,'Dữ liệu gộp'!$L$2:$L$1001,0),""))
A76: =IF(Z76="","",67) | B76: {=IF($Z76="","",INDEX('Dữ liệu gộp'!$A$2:$A$1001,$Z76))} | C76: {=IF($Z76="","",INDEX('Dữ liệu gộp'!$B$2:$B$1001,$Z76))} | D76: {=IF($Z76="","",INDEX('Dữ liệu gộp'!$C$2:$C$1001,$Z76))} | E76: {=IF($Z76="","",INDEX('Dữ liệu gộp'!$D$2:$D$1001,$Z76))} | F76: {=IF($Z76="","",INDEX('Dữ liệu gộp'!$E$2:$E$1001,$Z76))} | G76: {=IF($Z76="","",INDEX('Dữ liệu gộp'!$F$2:$F$1001,$Z76))} | H76: {=IF($Z76="","",INDEX('Dữ liệu gộp'!$H$2:$H$1001,$Z76))} | I76: {=IF($Z76="","",INDEX('Dữ liệu gộp'!$I$2:$I$1001,$Z76))} | J76: {=IF($Z76="","",INDEX('Dữ liệu gộp'!$J$2:$J$1001,$Z76))} | K76: {=IF($Z76="","",INDEX('Dữ liệu gộp'!$K$2:$K$1001,$Z76))} | Z76: =IF($C$4="","",IFERROR(MATCH(67,'Dữ liệu gộp'!$L$2:$L$1001,0),""))
A77: =IF(Z77="","",68) | B77: {=IF($Z77="","",INDEX('Dữ liệu gộp'!$A$2:$A$1001,$Z77))} | C77: {=IF($Z77="","",INDEX('Dữ liệu gộp'!$B$2:$B$1001,$Z77))} | D77: {=IF($Z77="","",INDEX('Dữ liệu gộp'!$C$2:$C$1001,$Z77))} | E77: {=IF($Z77="","",INDEX('Dữ liệu gộp'!$D$2:$D$1001,$Z77))} | F77: {=IF($Z77="","",INDEX('Dữ liệu gộp'!$E$2:$E$1001,$Z77))} | G77: {=IF($Z77="","",INDEX('Dữ liệu gộp'!$F$2:$F$1001,$Z77))} | H77: {=IF($Z77="","",INDEX('Dữ liệu gộp'!$H$2:$H$1001,$Z77))} | I77: {=IF($Z77="","",INDEX('Dữ liệu gộp'!$I$2:$I$1001,$Z77))} | J77: {=IF($Z77="","",INDEX('Dữ liệu gộp'!$J$2:$J$1001,$Z77))} | K77: {=IF($Z77="","",INDEX('Dữ liệu gộp'!$K$2:$K$1001,$Z77))} | Z77: =IF($C$4="","",IFERROR(MATCH(68,'Dữ liệu gộp'!$L$2:$L$1001,0),""))
A78: =IF(Z78="","",69) | B78: {=IF($Z78="","",INDEX('Dữ liệu gộp'!$A$2:$A$1001,$Z78))} | C78: {=IF($Z78="","",INDEX('Dữ liệu gộp'!$B$2:$B$1001,$Z78))} | D78: {=IF($Z78="","",INDEX('Dữ liệu gộp'!$C$2:$C$1001,$Z78))} | E78: {=IF($Z78="","",INDEX('Dữ liệu gộp'!$D$2:$D$1001,$Z78))} | F78: {=IF($Z78="","",INDEX('Dữ liệu gộp'!$E$2:$E$1001,$Z78))} | G78: {=IF($Z78="","",INDEX('Dữ liệu gộp'!$F$2:$F$1001,$Z78))} | H78: {=IF($Z78="","",INDEX('Dữ liệu gộp'!$H$2:$H$1001,$Z78))} | I78: {=IF($Z78="","",INDEX('Dữ liệu gộp'!$I$2:$I$1001,$Z78))} | J78: {=IF($Z78="","",INDEX('Dữ liệu gộp'!$J$2:$J$1001,$Z78))} | K78: {=IF($Z78="","",INDEX('Dữ liệu gộp'!$K$2:$K$1001,$Z78))} | Z78: =IF($C$4="","",IFERROR(MATCH(69,'Dữ liệu gộp'!$L$2:$L$1001,0),""))
A79: =IF(Z79="","",70) | B79: {=IF($Z79="","",INDEX('Dữ liệu gộp'!$A$2:$A$1001,$Z79))} | C79: {=IF($Z79="","",INDEX('Dữ liệu gộp'!$B$2:$B$1001,$Z79))} | D79: {=IF($Z79="","",INDEX('Dữ liệu gộp'!$C$2:$C$1001,$Z79))} | E79: {=IF($Z79="","",INDEX('Dữ liệu gộp'!$D$2:$D$1001,$Z79))} | F79: {=IF($Z79="","",INDEX('Dữ liệu gộp'!$E$2:$E$1001,$Z79))} | G79: {=IF($Z79="","",INDEX('Dữ liệu gộp'!$F$2:$F$1001,$Z79))} | H79: {=IF($Z79="","",INDEX('Dữ liệu gộp'!$H$2:$H$1001,$Z79))} | I79: {=IF($Z79="","",INDEX('Dữ liệu gộp'!$I$2:$I$1001,$Z79))} | J79: {=IF($Z79="","",INDEX('Dữ liệu gộp'!$J$2:$J$1001,$Z79))} | K79: {=IF($Z79="","",INDEX('Dữ liệu gộp'!$K$2:$K$1001,$Z79))} | Z79: =IF($C$4="","",IFERROR(MATCH(70,'Dữ liệu gộp'!$L$2:$L$1001,0),""))
A80: =IF(Z80="","",71) | B80: {=IF($Z80="","",INDEX('Dữ liệu gộp'!$A$2:$A$1001,$Z80))} | C80: {=IF($Z80="","",INDEX('Dữ liệu gộp'!$B$2:$B$1001,$Z80))} | D80: {=IF($Z80="","",INDEX('Dữ liệu gộp'!$C$2:$C$1001,$Z80))} | E80: {=IF($Z80="","",INDEX('Dữ liệu gộp'!$D$2:$D$1001,$Z80))} | F80: {=IF($Z80="","",INDEX('Dữ liệu gộp'!$E$2:$E$1001,$Z80))} | G80: {=IF($Z80="","",INDEX('Dữ liệu gộp'!$F$2:$F$1001,$Z80))} | H80: {=IF($Z80="","",INDEX('Dữ liệu gộp'!$H$2:$H$1001,$Z80))} | I80: {=IF($Z80="","",INDEX('Dữ liệu gộp'!$I$2:$I$1001,$Z80))} | J80: {=IF($Z80="","",INDEX('Dữ liệu gộp'!$J$2:$J$1001,$Z80))} | K80: {=IF($Z80="","",INDEX('Dữ liệu gộp'!$K$2:$K$1001,$Z80))} | Z80: =IF($C$4="","",IFERROR(MATCH(71,'Dữ liệu gộp'!$L$2:$L$1001,0),""))
A81: =IF(Z81="","",72) | B81: {=IF($Z81="","",INDEX('Dữ liệu gộp'!$A$2:$A$1001,$Z81))} | C81: {=IF($Z81="","",INDEX('Dữ liệu gộp'!$B$2:$B$1001,$Z81))} | D81: {=IF($Z81="","",INDEX('Dữ liệu gộp'!$C$2:$C$1001,$Z81))} | E81: {=IF($Z81="","",INDEX('Dữ liệu gộp'!$D$2:$D$1001,$Z81))} | F81: {=IF($Z81="","",INDEX('Dữ liệu gộp'!$E$2:$E$1001,$Z81))} | G81: {=IF($Z81="","",INDEX('Dữ liệu gộp'!$F$2:$F$1001,$Z81))} | H81: {=IF($Z81="","",INDEX('Dữ liệu gộp'!$H$2:$H$1001,$Z81))} | I81: {=IF($Z81="","",INDEX('Dữ liệu gộp'!$I$2:$I$1001,$Z81))} | J81: {=IF($Z81="","",INDEX('Dữ liệu gộp'!$J$2:$J$1001,$Z81))} | K81: {=IF($Z81="","",INDEX('Dữ liệu gộp'!$K$2:$K$1001,$Z81))} | Z81: =IF($C$4="","",IFERROR(MATCH(72,'Dữ liệu gộp'!$L$2:$L$1001,0),""))
A82: =IF(Z82="","",73) | B82: {=IF($Z82="","",INDEX('Dữ liệu gộp'!$A$2:$A$1001,$Z82))} | C82: {=IF($Z82="","",INDEX('Dữ liệu gộp'!$B$2:$B$1001,$Z82))} | D82: {=IF($Z82="","",INDEX('Dữ liệu gộp'!$C$2:$C$1001,$Z82))} | E82: {=IF($Z82="","",INDEX('Dữ liệu gộp'!$D$2:$D$1001,$Z82))} | F82: {=IF($Z82="","",INDEX('Dữ liệu gộp'!$E$2:$E$1001,$Z82))} | G82: {=IF($Z82="","",INDEX('Dữ liệu gộp'!$F$2:$F$1001,$Z82))} | H82: {=IF($Z82="","",INDEX('Dữ liệu gộp'!$H$2:$H$1001,$Z82))} | I82: {=IF($Z82="","",INDEX('Dữ liệu gộp'!$I$2:$I$1001,$Z82))} | J82: {=IF($Z82="","",INDEX('Dữ liệu gộp'!$J$2:$J$1001,$Z82))} | K82: {=IF($Z82="","",INDEX('Dữ liệu gộp'!$K$2:$K$1001,$Z82))} | Z82: =IF($C$4="","",IFERROR(MATCH(73,'Dữ liệu gộp'!$L$2:$L$1001,0),""))
A83: =IF(Z83="","",74) | B83: {=IF($Z83="","",INDEX('Dữ liệu gộp'!$A$2:$A$1001,$Z83))} | C83: {=IF($Z83="","",INDEX('Dữ liệu gộp'!$B$2:$B$1001,$Z83))} | D83: {=IF($Z83="","",INDEX('Dữ liệu gộp'!$C$2:$C$1001,$Z83))} | E83: {=IF($Z83="","",INDEX('Dữ liệu gộp'!$D$2:$D$1001,$Z83))} | F83: {=IF($Z83="","",INDEX('Dữ liệu gộp'!$E$2:$E$1001,$Z83))} | G83: {=IF($Z83="","",INDEX('Dữ liệu gộp'!$F$2:$F$1001,$Z83))} | H83: {=IF($Z83="","",INDEX('Dữ liệu gộp'!$H$2:$H$1001,$Z83))} | I83: {=IF($Z83="","",INDEX('Dữ liệu gộp'!$I$2:$I$1001,$Z83))} | J83: {=IF($Z83="","",INDEX('Dữ liệu gộp'!$J$2:$J$1001,$Z83))} | K83: {=IF($Z83="","",INDEX('Dữ liệu gộp'!$K$2:$K$1001,$Z83))} | Z83: =IF($C$4="","",IFERROR(MATCH(74,'Dữ liệu gộp'!$L$2:$L$1001,0),""))
A84: =IF(Z84="","",75) | B84: {=IF($Z84="","",INDEX('Dữ liệu gộp'!$A$2:$A$1001,$Z84))} | C84: {=IF($Z84="","",INDEX('Dữ liệu gộp'!$B$2:$B$1001,$Z84))} | D84: {=IF($Z84="","",INDEX('Dữ liệu gộp'!$C$2:$C$1001,$Z84))} | E84: {=IF($Z84="","",INDEX('Dữ liệu gộp'!$D$2:$D$1001,$Z84))} | F84: {=IF($Z84="","",INDEX('Dữ liệu gộp'!$E$2:$E$1001,$Z84))} | G84: {=IF($Z84="","",INDEX('Dữ liệu gộp'!$F$2:$F$1001,$Z84))} | H84: {=IF($Z84="","",INDEX('Dữ liệu gộp'!$H$2:$H$1001,$Z84))} | I84: {=IF($Z84="","",INDEX('Dữ liệu gộp'!$I$2:$I$1001,$Z84))} | J84: {=IF($Z84="","",INDEX('Dữ liệu gộp'!$J$2:$J$1001,$Z84))} | K84: {=IF($Z84="","",INDEX('Dữ liệu gộp'!$K$2:$K$1001,$Z84))} | Z84: =IF($C$4="","",IFERROR(MATCH(75,'Dữ liệu gộp'!$L$2:$L$1001,0),""))
A85: =IF(Z85="","",76) | B85: {=IF($Z85="","",INDEX('Dữ liệu gộp'!$A$2:$A$1001,$Z85))} | C85: {=IF($Z85="","",INDEX('Dữ liệu gộp'!$B$2:$B$1001,$Z85))} | D85: {=IF($Z85="","",INDEX('Dữ liệu gộp'!$C$2:$C$1001,$Z85))} | E85: {=IF($Z85="","",INDEX('Dữ liệu gộp'!$D$2:$D$1001,$Z85))} | F85: {=IF($Z85="","",INDEX('Dữ liệu gộp'!$E$2:$E$1001,$Z85))} | G85: {=IF($Z85="","",INDEX('Dữ liệu gộp'!$F$2:$F$1001,$Z85))} | H85: {=IF($Z85="","",INDEX('Dữ liệu gộp'!$H$2:$H$1001,$Z85))} | I85: {=IF($Z85="","",INDEX('Dữ liệu gộp'!$I$2:$I$1001,$Z85))} | J85: {=IF($Z85="","",INDEX('Dữ liệu gộp'!$J$2:$J$1001,$Z85))} | K85: {=IF($Z85="","",INDEX('Dữ liệu gộp'!$K$2:$K$1001,$Z85))} | Z85: =IF($C$4="","",IFERROR(MATCH(76,'Dữ liệu gộp'!$L$2:$L$1001,0),""))
A86: =IF(Z86="","",77) | B86: {=IF($Z86="","",INDEX('Dữ liệu gộp'!$A$2:$A$1001,$Z86))} | C86: {=IF($Z86="","",INDEX('Dữ liệu gộp'!$B$2:$B$1001,$Z86))} | D86: {=IF($Z86="","",INDEX('Dữ liệu gộp'!$C$2:$C$1001,$Z86))} | E86: {=IF($Z86="","",INDEX('Dữ liệu gộp'!$D$2:$D$1001,$Z86))} | F86: {=IF($Z86="","",INDEX('Dữ liệu gộp'!$E$2:$E$1001,$Z86))} | G86: {=IF($Z86="","",INDEX('Dữ liệu gộp'!$F$2:$F$1001,$Z86))} | H86: {=IF($Z86="","",INDEX('Dữ liệu gộp'!$H$2:$H$1001,$Z86))} | I86: {=IF($Z86="","",INDEX('Dữ liệu gộp'!$I$2:$I$1001,$Z86))} | J86: {=IF($Z86="","",INDEX('Dữ liệu gộp'!$J$2:$J$1001,$Z86))} | K86: {=IF($Z86="","",INDEX('Dữ liệu gộp'!$K$2:$K$1001,$Z86))} | Z86: =IF($C$4="","",IFERROR(MATCH(77,'Dữ liệu gộp'!$L$2:$L$1001,0),""))
A87: =IF(Z87="","",78) | B87: {=IF($Z87="","",INDEX('Dữ liệu gộp'!$A$2:$A$1001,$Z87))} | C87: {=IF($Z87="","",INDEX('Dữ liệu gộp'!$B$2:$B$1001,$Z87))} | D87: {=IF($Z87="","",INDEX('Dữ liệu gộp'!$C$2:$C$1001,$Z87))} | E87: {=IF($Z87="","",INDEX('Dữ liệu gộp'!$D$2:$D$1001,$Z87))} | F87: {=IF($Z87="","",INDEX('Dữ liệu gộp'!$E$2:$E$1001,$Z87))} | G87: {=IF($Z87="","",INDEX('Dữ liệu gộp'!$F$2:$F$1001,$Z87))} | H87: {=IF($Z87="","",INDEX('Dữ liệu gộp'!$H$2:$H$1001,$Z87))} | I87: {=IF($Z87="","",INDEX('Dữ liệu gộp'!$I$2:$I$1001,$Z87))} | J87: {=IF($Z87="","",INDEX('Dữ liệu gộp'!$J$2:$J$1001,$Z87))} | K87: {=IF($Z87="","",INDEX('Dữ liệu gộp'!$K$2:$K$1001,$Z87))} | Z87: =IF($C$4="","",IFERROR(MATCH(78,'Dữ liệu gộp'!$L$2:$L$1001,0),""))
A88: =IF(Z88="","",79) | B88: {=IF($Z88="","",INDEX('Dữ liệu gộp'!$A$2:$A$1001,$Z88))} | C88: {=IF($Z88="","",INDEX('Dữ liệu gộp'!$B$2:$B$1001,$Z88))} | D88: {=IF($Z88="","",INDEX('Dữ liệu gộp'!$C$2:$C$1001,$Z88))} | E88: {=IF($Z88="","",INDEX('Dữ liệu gộp'!$D$2:$D$1001,$Z88))} | F88: {=IF($Z88="","",INDEX('Dữ liệu gộp'!$E$2:$E$1001,$Z88))} | G88: {=IF($Z88="","",INDEX('Dữ liệu gộp'!$F$2:$F$1001,$Z88))} | H88: {=IF($Z88="","",INDEX('Dữ liệu gộp'!$H$2:$H$1001,$Z88))} | I88: {=IF($Z88="","",INDEX('Dữ liệu gộp'!$I$2:$I$1001,$Z88))} | J88: {=IF($Z88="","",INDEX('Dữ liệu gộp'!$J$2:$J$1001,$Z88))} | K88: {=IF($Z88="","",INDEX('Dữ liệu gộp'!$K$2:$K$1001,$Z88))} | Z88: =IF($C$4="","",IFERROR(MATCH(79,'Dữ liệu gộp'!$L$2:$L$1001,0),""))
A89: =IF(Z89="","",80) | B89: {=IF($Z89="","",INDEX('Dữ liệu gộp'!$A$2:$A$1001,$Z89))} | C89: {=IF($Z89="","",INDEX('Dữ liệu gộp'!$B$2:$B$1001,$Z89))} | D89: {=IF($Z89="","",INDEX('Dữ liệu gộp'!$C$2:$C$1001,$Z89))} | E89: {=IF($Z89="","",INDEX('Dữ liệu gộp'!$D$2:$D$1001,$Z89))} | F89: {=IF($Z89="","",INDEX('Dữ liệu gộp'!$E$2:$E$1001,$Z89))} | G89: {=IF($Z89="","",INDEX('Dữ liệu gộp'!$F$2:$F$1001,$Z89))} | H89: {=IF($Z89="","",INDEX('Dữ liệu gộp'!$H$2:$H$1001,$Z89))} | I89: {=IF($Z89="","",INDEX('Dữ liệu gộp'!$I$2:$I$1001,$Z89))} | J89: {=IF($Z89="","",INDEX('Dữ liệu gộp'!$J$2:$J$1001,$Z89))} | K89: {=IF($Z89="","",INDEX('Dữ liệu gộp'!$K$2:$K$1001,$Z89))} | Z89: =IF($C$4="","",IFERROR(MATCH(80,'Dữ liệu gộp'!$L$2:$L$1001,0),""))
A90: =IF(Z90="","",81) | B90: {=IF($Z90="","",INDEX('Dữ liệu gộp'!$A$2:$A$1001,$Z90))} | C90: {=IF($Z90="","",INDEX('Dữ liệu gộp'!$B$2:$B$1001,$Z90))} | D90: {=IF($Z90="","",INDEX('Dữ liệu gộp'!$C$2:$C$1001,$Z90))} | E90: {=IF($Z90="","",INDEX('Dữ liệu gộp'!$D$2:$D$1001,$Z90))} | F90: {=IF($Z90="","",INDEX('Dữ liệu gộp'!$E$2:$E$1001,$Z90))} | G90: {=IF($Z90="","",INDEX('Dữ liệu gộp'!$F$2:$F$1001,$Z90))} | H90: {=IF($Z90="","",INDEX('Dữ liệu gộp'!$H$2:$H$1001,$Z90))} | I90: {=IF($Z90="","",INDEX('Dữ liệu gộp'!$I$2:$I$1001,$Z90))} | J90: {=IF($Z90="","",INDEX('Dữ liệu gộp'!$J$2:$J$1001,$Z90))} | K90: {=IF($Z90="","",INDEX('Dữ liệu gộp'!$K$2:$K$1001,$Z90))} | Z90: =IF($C$4="","",IFERROR(MATCH(81,'Dữ liệu gộp'!$L$2:$L$1001,0),""))
A91: =IF(Z91="","",82) | B91: {=IF($Z91="","",INDEX('Dữ liệu gộp'!$A$2:$A$1001,$Z91))} | C91: {=IF($Z91="","",INDEX('Dữ liệu gộp'!$B$2:$B$1001,$Z91))} | D91: {=IF($Z91="","",INDEX('Dữ liệu gộp'!$C$2:$C$1001,$Z91))} | E91: {=IF($Z91="","",INDEX('Dữ liệu gộp'!$D$2:$D$1001,$Z91))} | F91: {=IF($Z91="","",INDEX('Dữ liệu gộp'!$E$2:$E$1001,$Z91))} | G91: {=IF($Z91="","",INDEX('Dữ liệu gộp'!$F$2:$F$1001,$Z91))} | H91: {=IF($Z91="","",INDEX('Dữ liệu gộp'!$H$2:$H$1001,$Z91))} | I91: {=IF($Z91="","",INDEX('Dữ liệu gộp'!$I$2:$I$1001,$Z91))} | J91: {=IF($Z91="","",INDEX('Dữ liệu gộp'!$J$2:$J$1001,$Z91))} | K91: {=IF($Z91="","",INDEX('Dữ liệu gộp'!$K$2:$K$1001,$Z91))} | Z91: =IF($C$4="","",IFERROR(MATCH(82,'Dữ liệu gộp'!$L$2:$L$1001,0),""))
A92: =IF(Z92="","",83) | B92: {=IF($Z92="","",INDEX('Dữ liệu gộp'!$A$2:$A$1001,$Z92))} | C92: {=IF($Z92="","",INDEX('Dữ liệu gộp'!$B$2:$B$1001,$Z92))} | D92: {=IF($Z92="","",INDEX('Dữ liệu gộp'!$C$2:$C$1001,$Z92))} | E92: {=IF($Z92="","",INDEX('Dữ liệu gộp'!$D$2:$D$1001,$Z92))} | F92: {=IF($Z92="","",INDEX('Dữ liệu gộp'!$E$2:$E$1001,$Z92))} | G92: {=IF($Z92="","",INDEX('Dữ liệu gộp'!$F$2:$F$1001,$Z92))} | H92: {=IF($Z92="","",INDEX('Dữ liệu gộp'!$H$2:$H$1001,$Z92))} | I92: {=IF($Z92="","",INDEX('Dữ liệu gộp'!$I$2:$I$1001,$Z92))} | J92: {=IF($Z92="","",INDEX('Dữ liệu gộp'!$J$2:$J$1001,$Z92))} | K92: {=IF($Z92="","",INDEX('Dữ liệu gộp'!$K$2:$K$1001,$Z92))} | Z92: =IF($C$4="","",IFERROR(MATCH(83,'Dữ liệu gộp'!$L$2:$L$1001,0),""))
A93: =IF(Z93="","",84) | B93: {=IF($Z93="","",INDEX('Dữ liệu gộp'!$A$2:$A$1001,$Z93))} | C93: {=IF($Z93="","",INDEX('Dữ liệu gộp'!$B$2:$B$1001,$Z93))} | D93: {=IF($Z93="","",INDEX('Dữ liệu gộp'!$C$2:$C$1001,$Z93))} | E93: {=IF($Z93="","",INDEX('Dữ liệu gộp'!$D$2:$D$1001,$Z93))} | F93: {=IF($Z93="","",INDEX('Dữ liệu gộp'!$E$2:$E$1001,$Z93))} | G93: {=IF($Z93="","",INDEX('Dữ liệu gộp'!$F$2:$F$1001,$Z93))} | H93: {=IF($Z93="","",INDEX('Dữ liệu gộp'!$H$2:$H$1001,$Z93))} | I93: {=IF($Z93="","",INDEX('Dữ liệu gộp'!$I$2:$I$1001,$Z93))} | J93: {=IF($Z93="","",INDEX('Dữ liệu gộp'!$J$2:$J$1001,$Z93))} | K93: {=IF($Z93="","",INDEX('Dữ liệu gộp'!$K$2:$K$1001,$Z93))} | Z93: =IF($C$4="","",IFERROR(MATCH(84,'Dữ liệu gộp'!$L$2:$L$1001,0),""))
A94: =IF(Z94="","",85) | B94: {=IF($Z94="","",INDEX('Dữ liệu gộp'!$A$2:$A$1001,$Z94))} | C94: {=IF($Z94="","",INDEX('Dữ liệu gộp'!$B$2:$B$1001,$Z94))} | D94: {=IF($Z94="","",INDEX('Dữ liệu gộp'!$C$2:$C$1001,$Z94))} | E94: {=IF($Z94="","",INDEX('Dữ liệu gộp'!$D$2:$D$1001,$Z94))} | F94: {=IF($Z94="","",INDEX('Dữ liệu gộp'!$E$2:$E$1001,$Z94))} | G94: {=IF($Z94="","",INDEX('Dữ liệu gộp'!$F$2:$F$1001,$Z94))} | H94: {=IF($Z94="","",INDEX('Dữ liệu gộp'!$H$2:$H$1001,$Z94))} | I94: {=IF($Z94="","",INDEX('Dữ liệu gộp'!$I$2:$I$1001,$Z94))} | J94: {=IF($Z94="","",INDEX('Dữ liệu gộp'!$J$2:$J$1001,$Z94))} | K94: {=IF($Z94="","",INDEX('Dữ liệu gộp'!$K$2:$K$1001,$Z94))} | Z94: =IF($C$4="","",IFERROR(MATCH(85,'Dữ liệu gộp'!$L$2:$L$1001,0),""))
A95: =IF(Z95="","",86) | B95: {=IF($Z95="","",INDEX('Dữ liệu gộp'!$A$2:$A$1001,$Z95))} | C95: {=IF($Z95="","",INDEX('Dữ liệu gộp'!$B$2:$B$1001,$Z95))} | D95: {=IF($Z95="","",INDEX('Dữ liệu gộp'!$C$2:$C$1001,$Z95))} | E95: {=IF($Z95="","",INDEX('Dữ liệu gộp'!$D$2:$D$1001,$Z95))} | F95: {=IF($Z95="","",INDEX('Dữ liệu gộp'!$E$2:$E$1001,$Z95))} | G95: {=IF($Z95="","",INDEX('Dữ liệu gộp'!$F$2:$F$1001,$Z95))} | H95: {=IF($Z95="","",INDEX('Dữ liệu gộp'!$H$2:$H$1001,$Z95))} | I95: {=IF($Z95="","",INDEX('Dữ liệu gộp'!$I$2:$I$1001,$Z95))} | J95: {=IF($Z95="","",INDEX('Dữ liệu gộp'!$J$2:$J$1001,$Z95))} | K95: {=IF($Z95="","",INDEX('Dữ liệu gộp'!$K$2:$K$1001,$Z95))} | Z95: =IF($C$4="","",IFERROR(MATCH(86,'Dữ liệu gộp'!$L$2:$L$1001,0),""))
A96: =IF(Z96="","",87) | B96: {=IF($Z96="","",INDEX('Dữ liệu gộp'!$A$2:$A$1001,$Z96))} | C96: {=IF($Z96="","",INDEX('Dữ liệu gộp'!$B$2:$B$1001,$Z96))} | D96: {=IF($Z96="","",INDEX('Dữ liệu gộp'!$C$2:$C$1001,$Z96))} | E96: {=IF($Z96="","",INDEX('Dữ liệu gộp'!$D$2:$D$1001,$Z96))} | F96: {=IF($Z96="","",INDEX('Dữ liệu gộp'!$E$2:$E$1001,$Z96))} | G96: {=IF($Z96="","",INDEX('Dữ liệu gộp'!$F$2:$F$1001,$Z96))} | H96: {=IF($Z96="","",INDEX('Dữ liệu gộp'!$H$2:$H$1001,$Z96))} | I96: {=IF($Z96="","",INDEX('Dữ liệu gộp'!$I$2:$I$1001,$Z96))} | J96: {=IF($Z96="","",INDEX('Dữ liệu gộp'!$J$2:$J$1001,$Z96))} | K96: {=IF($Z96="","",INDEX('Dữ liệu gộp'!$K$2:$K$1001,$Z96))} | Z96: =IF($C$4="","",IFERROR(MATCH(87,'Dữ liệu gộp'!$L$2:$L$1001,0),""))
A97: =IF(Z97="","",88) | B97: {=IF($Z97="","",INDEX('Dữ liệu gộp'!$A$2:$A$1001,$Z97))} | C97: {=IF($Z97="","",INDEX('Dữ liệu gộp'!$B$2:$B$1001,$Z97))} | D97: {=IF($Z97="","",INDEX('Dữ liệu gộp'!$C$2:$C$1001,$Z97))} | E97: {=IF($Z97="","",INDEX('Dữ liệu gộp'!$D$2:$D$1001,$Z97))} | F97: {=IF($Z97="","",INDEX('Dữ liệu gộp'!$E$2:$E$1001,$Z97))} | G97: {=IF($Z97="","",INDEX('Dữ liệu gộp'!$F$2:$F$1001,$Z97))} | H97: {=IF($Z97="","",INDEX('Dữ liệu gộp'!$H$2:$H$1001,$Z97))} | I97: {=IF($Z97="","",INDEX('Dữ liệu gộp'!$I$2:$I$1001,$Z97))} | J97: {=IF($Z97="","",INDEX('Dữ liệu gộp'!$J$2:$J$1001,$Z97))} | K97: {=IF($Z97="","",INDEX('Dữ liệu gộp'!$K$2:$K$1001,$Z97))} | Z97: =IF($C$4="","",IFERROR(MATCH(88,'Dữ liệu gộp'!$L$2:$L$1001,0),""))
A98: =IF(Z98="","",89) | B98: {=IF($Z98="","",INDEX('Dữ liệu gộp'!$A$2:$A$1001,$Z98))} | C98: {=IF($Z98="","",INDEX('Dữ liệu gộp'!$B$2:$B$1001,$Z98))} | D98: {=IF($Z98="","",INDEX('Dữ liệu gộp'!$C$2:$C$1001,$Z98))} | E98: {=IF($Z98="","",INDEX('Dữ liệu gộp'!$D$2:$D$1001,$Z98))} | F98: {=IF($Z98="","",INDEX('Dữ liệu gộp'!$E$2:$E$1001,$Z98))} | G98: {=IF($Z98="","",INDEX('Dữ liệu gộp'!$F$2:$F$1001,$Z98))} | H98: {=IF($Z98="","",INDEX('Dữ liệu gộp'!$H$2:$H$1001,$Z98))} | I98: {=IF($Z98="","",INDEX('Dữ liệu gộp'!$I$2:$I$1001,$Z98))} | J98: {=IF($Z98="","",INDEX('Dữ liệu gộp'!$J$2:$J$1001,$Z98))} | K98: {=IF($Z98="","",INDEX('Dữ liệu gộp'!$K$2:$K$1001,$Z98))} | Z98: =IF($C$4="","",IFERROR(MATCH(89,'Dữ liệu gộp'!$L$2:$L$1001,0),""))
A99: =IF(Z99="","",90) | B99: {=IF($Z99="","",INDEX('Dữ liệu gộp'!$A$2:$A$1001,$Z99))} | C99: {=IF($Z99="","",INDEX('Dữ liệu gộp'!$B$2:$B$1001,$Z99))} | D99: {=IF($Z99="","",INDEX('Dữ liệu gộp'!$C$2:$C$1001,$Z99))} | E99: {=IF($Z99="","",INDEX('Dữ liệu gộp'!$D$2:$D$1001,$Z99))} | F99: {=IF($Z99="","",INDEX('Dữ liệu gộp'!$E$2:$E$1001,$Z99))} | G99: {=IF($Z99="","",INDEX('Dữ liệu gộp'!$F$2:$F$1001,$Z99))} | H99: {=IF($Z99="","",INDEX('Dữ liệu gộp'!$H$2:$H$1001,$Z99))} | I99: {=IF($Z99="","",INDEX('Dữ liệu gộp'!$I$2:$I$1001,$Z99))} | J99: {=IF($Z99="","",INDEX('Dữ liệu gộp'!$J$2:$J$1001,$Z99))} | K99: {=IF($Z99="","",INDEX('Dữ liệu gộp'!$K$2:$K$1001,$Z99))} | Z99: =IF($C$4="","",IFERROR(MATCH(90,'Dữ liệu gộp'!$L$2:$L$1001,0),""))
A100: =IF(Z100="","",91) | B100: {=IF($Z100="","",INDEX('Dữ liệu gộp'!$A$2:$A$1001,$Z100))} | C100: {=IF($Z100="","",INDEX('Dữ liệu gộp'!$B$2:$B$1001,$Z100))} | D100: {=IF($Z100="","",INDEX('Dữ liệu gộp'!$C$2:$C$1001,$Z100))} | E100: {=IF($Z100="","",INDEX('Dữ liệu gộp'!$D$2:$D$1001,$Z100))} | F100: {=IF($Z100="","",INDEX('Dữ liệu gộp'!$E$2:$E$1001,$Z100))} | G100: {=IF($Z100="","",INDEX('Dữ liệu gộp'!$F$2:$F$1001,$Z100))} | H100: {=IF($Z100="","",INDEX('Dữ liệu gộp'!$H$2:$H$1001,$Z100))} | I100: {=IF($Z100="","",INDEX('Dữ liệu gộp'!$I$2:$I$1001,$Z100))} | J100: {=IF($Z100="","",INDEX('Dữ liệu gộp'!$J$2:$J$1001,$Z100))} | K100: {=IF($Z100="","",INDEX('Dữ liệu gộp'!$K$2:$K$1001,$Z100))} | Z100: =IF($C$4="","",IFERROR(MATCH(91,'Dữ liệu gộp'!$L$2:$L$1001,0),""))
A101: =IF(Z101="","",92) | B101: {=IF($Z101="","",INDEX('Dữ liệu gộp'!$A$2:$A$1001,$Z101))} | C101: {=IF($Z101="","",INDEX('Dữ liệu gộp'!$B$2:$B$1001,$Z101))} | D101: {=IF($Z101="","",INDEX('Dữ liệu gộp'!$C$2:$C$1001,$Z101))} | E101: {=IF($Z101="","",INDEX('Dữ liệu gộp'!$D$2:$D$1001,$Z101))} | F101: {=IF($Z101="","",INDEX('Dữ liệu gộp'!$E$2:$E$1001,$Z101))} | G101: {=IF($Z101="","",INDEX('Dữ liệu gộp'!$F$2:$F$1001,$Z101))} | H101: {=IF($Z101="","",INDEX('Dữ liệu gộp'!$H$2:$H$1001,$Z101))} | I101: {=IF($Z101="","",INDEX('Dữ liệu gộp'!$I$2:$I$1001,$Z101))} | J101: {=IF($Z101="","",INDEX('Dữ liệu gộp'!$J$2:$J$1001,$Z101))} | K101: {=IF($Z101="","",INDEX('Dữ liệu gộp'!$K$2:$K$1001,$Z101))} | Z101: =IF($C$4="","",IFERROR(MATCH(92,'Dữ liệu gộp'!$L$2:$L$1001,0),""))
...

Sheet Người sử dụng
A1: DANH SÁCH NHÂN VIÊN ĐƯỢC BÀN GIAO TÀI NGUYÊN – KHỐI MKT
A2: Trưởng ban khai nhân sự của ban mình tại đây TRƯỚC, sau đó mới chọn tên ở cột "Người được bàn giao" trong tab của ban.
A3: Trùng tên: ghi thêm ban hoặc ký hiệu để phân biệt, ví dụ "Nguyễn Thu Hà (ADS)". Cột xám tự tính, không cần điền.
A4: STT | B4: Mã nhân viên | C4: Họ tên | D4: Ban | E4: Chức vụ | F4: SĐT | G4: Email công ty | H4: Trạng thái | I4: Ngày vào làm | J4: Ngày nghỉ / chuyển ban | K4: Số tài nguyên đang giữ | L4: Ghi chú
A5: =SUBTOTAL(103,$B$5:B5) -> 1 | B5: M062HUY | C5: ĐỖ VIẾT HUY | D5: Phòng Tài nguyên | E5: Chuyên Viên | H5: Đang làm | K5: =IF(C5="","",COUNTIF(ADS!$G$6:$G$319,C5)+COUNTIF('Biên Tập'!$G$6:$G$205,C5)+COUNTIF('Thiết Kế'!$G$6:$G$205,C5)+COUNTIF('Media Dựng'!$G$6:$G$205,C5)+COUNTIF('PR Thương Hiệu'!$G$6:$G$205,C5)) -> 2
A6: =SUBTOTAL(103,$B$5:B6) -> 2 | B6: M061HOANG | C6: PHƯƠNG VIỆT HOÀNG | D6: Phòng Tài nguyên | E6: Chuyên Viên | H6: Đang làm | K6: =IF(C6="","",COUNTIF(ADS!$G$6:$G$319,C6)+COUNTIF('Biên Tập'!$G$6:$G$205,C6)+COUNTIF('Thiết Kế'!$G$6:$G$205,C6)+COUNTIF('Media Dựng'!$G$6:$G$205,C6)+COUNTIF('PR Thương Hiệu'!$G$6:$G$205,C6)) -> 30
A7: =SUBTOTAL(103,$B$5:B7) -> 2 | D7: ADS | H7: Đang làm | K7: =IF(C7="","",COUNTIF(ADS!$G$6:$G$319,C7)+COUNTIF('Biên Tập'!$G$6:$G$205,C7)+COUNTIF('Thiết Kế'!$G$6:$G$205,C7)+COUNTIF('Media Dựng'!$G$6:$G$205,C7)+COUNTIF('PR Thương Hiệu'!$G$6:$G$205,C7))
A8: =SUBTOTAL(103,$B$5:B8) -> 2 | D8: Media Dựng | H8: Đang làm | K8: =IF(C8="","",COUNTIF(ADS!$G$6:$G$319,C8)+COUNTIF('Biên Tập'!$G$6:$G$205,C8)+COUNTIF('Thiết Kế'!$G$6:$G$205,C8)+COUNTIF('Media Dựng'!$G$6:$G$205,C8)+COUNTIF('PR Thương Hiệu'!$G$6:$G$205,C8))
A9: =SUBTOTAL(103,$B$5:B9) -> 2 | K9: =IF(C9="","",COUNTIF(ADS!$G$6:$G$319,C9)+COUNTIF('Biên Tập'!$G$6:$G$205,C9)+COUNTIF('Thiết Kế'!$G$6:$G$205,C9)+COUNTIF('Media Dựng'!$G$6:$G$205,C9)+COUNTIF('PR Thương Hiệu'!$G$6:$G$205,C9))
A10: =SUBTOTAL(103,$B$5:B10) -> 2 | K10: =IF(C10="","",COUNTIF(ADS!$G$6:$G$319,C10)+COUNTIF('Biên Tập'!$G$6:$G$205,C10)+COUNTIF('Thiết Kế'!$G$6:$G$205,C10)+COUNTIF('Media Dựng'!$G$6:$G$205,C10)+COUNTIF('PR Thương Hiệu'!$G$6:$G$205,C10))
A11: =SUBTOTAL(103,$B$5:B11) -> 3 | B11: M011HUY | C11: NGÔ TRỌNG HUY | D11: ADS | E11: TP MKT SG | H11: Đang làm | K11: =IF(C11="","",COUNTIF(ADS!$G$6:$G$319,C11)+COUNTIF('Biên Tập'!$G$6:$G$205,C11)+COUNTIF('Thiết Kế'!$G$6:$G$205,C11)+COUNTIF('Media Dựng'!$G$6:$G$205,C11)+COUNTIF('PR Thương Hiệu'!$G$6:$G$205,C11)) -> 31
A12: =SUBTOTAL(103,$B$5:B12) -> 4 | B12: M014TUNG | C12: ĐỖ SƠN TÙNG | D12: ADS | E12: Chuyên viên | H12: Đang làm
A13: =SUBTOTAL(103,$B$5:B13) -> 5 | B13: M015DUONG | C13: ĐÀO ĐÌNH DƯƠNG | D13: ADS | E13: Chuyên viên | H13: Đang làm
A14: =SUBTOTAL(103,$B$5:B14) -> 6 | B14: M039NAM | C14: PHẠM GIANG NAM | D14: ADS | E14: Chuyên viên | F14: 0338509770 | G14: nam.phamgiang@apmtech.vn | H14: Đang làm
A15: =SUBTOTAL(103,$B$5:B15) -> 7 | B15: M064NGOC | C15: NGUYỄN MẠNH NGỌC | D15: ADS | E15: Chuyên viên | H15: Thử việc
A16: =SUBTOTAL(103,$B$5:B16) -> 8 | B16: M052THANG | C16: PHẠM NGỌC THẮNG | D16: ADS | E16: Chuyên viên | H16: Đang làm
A17: =SUBTOTAL(103,$B$5:B17) -> 9 | B17: M048KIEN | C17: PHẠM VĂN KIÊN | D17: ADS | E17: Chuyên viên | H17: Đang làm
A18: =SUBTOTAL(103,$B$5:B18) -> 10 | B18: M016ANH | C18: HOÀNG ANH | D18: ADS | E18: Chuyên viên | H18: Đang làm
A19: =SUBTOTAL(103,$B$5:B19) -> 11 | B19: M001DUNG | C19: NGUYỄN XUÂN DŨNG | D19: ADS | E19: TP MKT HN | H19: Đang làm | K19: =IF(C19="","",COUNTIF(ADS!$G$6:$G$319,C19)+COUNTIF('Biên Tập'!$G$6:$G$205,C19)+COUNTIF('Thiết Kế'!$G$6:$G$205,C19)+COUNTIF('Media Dựng'!$G$6:$G$205,C19)+COUNTIF('PR Thương Hiệu'!$G$6:$G$205,C19)) -> 38
A20: =SUBTOTAL(103,$B$5:B20) -> 12 | B20: M003HIEP | C20: TRẦN HIỆP | D20: ADS | E20: Chuyên viên | H20: Đang làm | K20: =IF(C20="","",COUNTIF(ADS!$G$6:$G$319,C20)+COUNTIF('Biên Tập'!$G$6:$G$205,C20)+COUNTIF('Thiết Kế'!$G$6:$G$205,C20)+COUNTIF('Media Dựng'!$G$6:$G$205,C20)+COUNTIF('PR Thương Hiệu'!$G$6:$G$205,C20)) -> 17
A21: =SUBTOTAL(103,$B$5:B21) -> 13 | B21: M005DUC | C21: BÙI ĐÌNH ĐỨC | D21: ADS | E21: Chuyên viên | H21: Đang làm | K21: =IF(C21="","",COUNTIF(ADS!$G$6:$G$319,C21)+COUNTIF('Biên Tập'!$G$6:$G$205,C21)+COUNTIF('Thiết Kế'!$G$6:$G$205,C21)+COUNTIF('Media Dựng'!$G$6:$G$205,C21)+COUNTIF('PR Thương Hiệu'!$G$6:$G$205,C21)) -> 25
A22: =SUBTOTAL(103,$B$5:B22) -> 14 | B22: M046DUC | C22: VƯƠNG ANH ĐỨC | D22: ADS | E22: Chuyên viên | F22: 0986963706 | G22: duc.vuonganh@apmtech.vn | H22: Đang làm | K22: =IF(C22="","",COUNTIF(ADS!$G$6:$G$319,C22)+COUNTIF('Biên Tập'!$G$6:$G$205,C22)+COUNTIF('Thiết Kế'!$G$6:$G$205,C22)+COUNTIF('Media Dựng'!$G$6:$G$205,C22)+COUNTIF('PR Thương Hiệu'!$G$6:$G$205,C22)) -> 18
A23: =SUBTOTAL(103,$B$5:B23) -> 15 | B23: M043NGUYEN | C23: NGUYỄN QUANG NGUYÊN | D23: ADS | E23: Chuyên viên | H23: Đang làm | K23: =IF(C23="","",COUNTIF(ADS!$G$6:$G$319,C23)+COUNTIF('Biên Tập'!$G$6:$G$205,C23)+COUNTIF('Thiết Kế'!$G$6:$G$205,C23)+COUNTIF('Media Dựng'!$G$6:$G$205,C23)+COUNTIF('PR Thương Hiệu'!$G$6:$G$205,C23)) -> 30
A24: =SUBTOTAL(103,$B$5:B24) -> 16 | B24: E039NAM | C24: HỒ CHÍ NAM | D24: Media | E24: Trưởng nhóm Quay/dựng | F24: 0934546727 | G24: nam.hochi@apmtech.vn | H24: Đang làm | K24: =IF(C24="","",COUNTIF(ADS!$G$6:$G$319,C24)+COUNTIF('Biên Tập'!$G$6:$G$205,C24)+COUNTIF('Thiết Kế'!$G$6:$G$205,C24)+COUNTIF('Media Dựng'!$G$6:$G$205,C24)+COUNTIF('PR Thương Hiệu'!$G$6:$G$205,C24)) -> 20
A25: =SUBTOTAL(103,$B$5:B25) -> 17 | B25: P036HAO | C25: BÙI MỸ HẢO | D25: PR | E25: Chuyên viên | F25: 0355848047 | G25: hao.buimy@apmtech.vn | H25: Đang làm | K25: =IF(C25="","",COUNTIF(ADS!$G$6:$G$319,C25)+COUNTIF('Biên Tập'!$G$6:$G$205,C25)+COUNTIF('Thiết Kế'!$G$6:$G$205,C25)+COUNTIF('Media Dựng'!$G$6:$G$205,C25)+COUNTIF('PR Thương Hiệu'!$G$6:$G$205,C25)) -> 1
A26: =SUBTOTAL(103,$B$5:B26) -> 18 | B26: P040HIEU | C26: HOÀNG MINH HIẾU | D26: PR | E26: Chuyên viên | F26: 0934623853 | G26: hieu.hoangminh@apmtech.vn | H26: Đang làm | K26: =IF(C26="","",COUNTIF(ADS!$G$6:$G$319,C26)+COUNTIF('Biên Tập'!$G$6:$G$205,C26)+COUNTIF('Thiết Kế'!$G$6:$G$205,C26)+COUNTIF('Media Dựng'!$G$6:$G$205,C26)+COUNTIF('PR Thương Hiệu'!$G$6:$G$205,C26)) -> 2
A27: =SUBTOTAL(103,$B$5:B27) -> 19 | B27: P006QUYEN | C27: LÊ HẠNH QUYÊN | D27: PR | E27: Chuyên viên | F27: 0948347936 | G27: quyen.lehanh@apmtech.vn | H27: Đang làm | K27: =IF(C27="","",COUNTIF(ADS!$G$6:$G$319,C27)+COUNTIF('Biên Tập'!$G$6:$G$205,C27)+COUNTIF('Thiết Kế'!$G$6:$G$205,C27)+COUNTIF('Media Dựng'!$G$6:$G$205,C27)+COUNTIF('PR Thương Hiệu'!$G$6:$G$205,C27)) -> 6
A28: =SUBTOTAL(103,$B$5:B28) -> 20 | B28: P047HOAI | C28: ĐỖ THỊ THU HOÀI | D28: PR | E28: Chuyên viên | F28: 0343503876 | G28: hoai.dothu@apmtech.vn | H28: Đang làm | K28: =IF(C28="","",COUNTIF(ADS!$G$6:$G$319,C28)+COUNTIF('Biên Tập'!$G$6:$G$205,C28)+COUNTIF('Thiết Kế'!$G$6:$G$205,C28)+COUNTIF('Media Dựng'!$G$6:$G$205,C28)+COUNTIF('PR Thương Hiệu'!$G$6:$G$205,C28)) -> 4
A29: =SUBTOTAL(103,$B$5:B29) -> 21 | B29: P029PHUONG | C29: PHÙNG HOÀNG PHƯỢNG | D29: PR | E29: Chuyên viên | F29: 0385994534 | G29: phuong.phunghoang@apmtech.vn | H29: Đang làm | K29: =IF(C29="","",COUNTIF(ADS!$G$6:$G$319,C29)+COUNTIF('Biên Tập'!$G$6:$G$205,C29)+COUNTIF('Thiết Kế'!$G$6:$G$205,C29)+COUNTIF('Media Dựng'!$G$6:$G$205,C29)+COUNTIF('PR Thương Hiệu'!$G$6:$G$205,C29)) -> 4
A30: =SUBTOTAL(103,$B$5:B30) -> 22 | B30: E069ANH | C30: TRẦN MINH ANH | D30: PR | E30: Chuyên viên | F30: 0373907602 | G30: anh.tranminh@apmtech.vn | H30: Đang làm | K30: 0
A31: =SUBTOTAL(103,$B$5:B31) -> 23 | B31: E041TUYET | C31: NGUYỄN THỊ ÁNH TUYẾT | D31: PR | E31: Chuyên viên | F31: 0333049212 | G31: tuyet.nguyenanh@apmtech.vn | H31: Đang làm | K31: =IF(C31="","",COUNTIF(ADS!$G$6:$G$319,C31)+COUNTIF('Biên Tập'!$G$6:$G$205,C31)+COUNTIF('Thiết Kế'!$G$6:$G$205,C31)+COUNTIF('Media Dựng'!$G$6:$G$205,C31)+COUNTIF('PR Thương Hiệu'!$G$6:$G$205,C31)) -> 14
A32: =SUBTOTAL(103,$B$5:B32) -> 24 | B32: P008LUU | C32: BÙI THỊ LƯU | D32: PR | E32: Chuyên viên | F32: 0818407250 | G32: luu.bui@apmtech | H32: Đang làm | K32: =IF(C32="","",COUNTIF(ADS!$G$6:$G$319,C32)+COUNTIF('Biên Tập'!$G$6:$G$205,C32)+COUNTIF('Thiết Kế'!$G$6:$G$205,C32)+COUNTIF('Media Dựng'!$G$6:$G$205,C32)+COUNTIF('PR Thương Hiệu'!$G$6:$G$205,C32)) -> 3
A33: =SUBTOTAL(103,$B$5:B33) -> 25 | B33: P046LINH | C33: LÊ HUYỀN LINH | D33: PR | E33: Chuyên viên | F33: 0987071396 | G33: linh.lehuyen@apmtech.vn | H33: Đang làm | K33: =IF(C33="","",COUNTIF(ADS!$G$6:$G$319,C33)+COUNTIF('Biên Tập'!$G$6:$G$205,C33)+COUNTIF('Thiết Kế'!$G$6:$G$205,C33)+COUNTIF('Media Dựng'!$G$6:$G$205,C33)+COUNTIF('PR Thương Hiệu'!$G$6:$G$205,C33)) -> 1
A34: =SUBTOTAL(103,$B$5:B34) -> 26 | B34: P055HANG | C34: BÙI THỊ THANH HẰNG | D34: PR | E34: Chuyên viên | F34: 0373208609 | G34: hang.buithanh@apmtech.vn | H34: Đang làm | K34: 2
A35: =SUBTOTAL(103,$B$5:B35) -> 27 | B35: E051LONG | C35: MAI TÙNG LONG | D35: Media | E35: TP MEDIA | F35: 0963786970 | G35: long.maitung@apmtech.vn | H35: Đang làm | K35: =IF(C35="","",COUNTIF(ADS!$G$6:$G$319,C35)+COUNTIF('Biên Tập'!$G$6:$G$205,C35)+COUNTIF('Thiết Kế'!$G$6:$G$205,C35)+COUNTIF('Media Dựng'!$G$6:$G$205,C35)+COUNTIF('PR Thương Hiệu'!$G$6:$G$205,C35)) -> 6
A36: =SUBTOTAL(103,$B$5:B36) -> 28 | B36: E061HAI | C36: NGUYỄN HOÀNG HẢI | D36: Media | E36: Chuyên viên | F36: 0363186570 | G36: hai.nguyenhoang@apmtech.vn | H36: Đang làm | K36: =IF(C36="","",COUNTIF(ADS!$G$6:$G$319,C36)+COUNTIF('Biên Tập'!$G$6:$G$205,C36)+COUNTIF('Thiết Kế'!$G$6:$G$205,C36)+COUNTIF('Media Dựng'!$G$6:$G$205,C36)+COUNTIF('PR Thương Hiệu'!$G$6:$G$205,C36)) -> 2
A37: =SUBTOTAL(103,$B$5:B37) -> 29 | B37: E068TANG | C37: NGUYỄN MẠNH TĂNG | D37: Media | E37: Chuyên viên | H37: Đang làm | K37: =IF(C37="","",COUNTIF(ADS!$G$6:$G$319,C37)+COUNTIF('Biên Tập'!$G$6:$G$205,C37)+COUNTIF('Thiết Kế'!$G$6:$G$205,C37)+COUNTIF('Media Dựng'!$G$6:$G$205,C37)+COUNTIF('PR Thương Hiệu'!$G$6:$G$205,C37)) -> 3
A38: =SUBTOTAL(103,$B$5:B38) -> 30 | B38: E065ANH | C38: ĐỖ THÚY ANH | D38: Media | H38: Đang làm | K38: =IF(C38="","",COUNTIF(ADS!$G$6:$G$319,C38)+COUNTIF('Biên Tập'!$G$6:$G$205,C38)+COUNTIF('Thiết Kế'!$G$6:$G$205,C38)+COUNTIF('Media Dựng'!$G$6:$G$205,C38)+COUNTIF('PR Thương Hiệu'!$G$6:$G$205,C38)) -> 2
A39: =SUBTOTAL(103,$B$5:B39) -> 31 | B39: E067TRANG | C39: NGUYỄN THỊ TRANG | D39: Media | H39: Đang làm | K39: =IF(C39="","",COUNTIF(ADS!$G$6:$G$319,C39)+COUNTIF('Biên Tập'!$G$6:$G$205,C39)+COUNTIF('Thiết Kế'!$G$6:$G$205,C39)+COUNTIF('Media Dựng'!$G$6:$G$205,C39)+COUNTIF('PR Thương Hiệu'!$G$6:$G$205,C39)) -> 3
A40: =SUBTOTAL(103,$B$5:B40) -> 32 | B40: E071TRANG | C40: NGUYỄN THỊ KIỀU TRANG | D40: Media | E40: Chuyên viên | F40: 0963 95 6336 | G40: huyngotrong.gtg@gmail.com | H40: Thử việc | K40: =IF(C40="","",COUNTIF(ADS!$G$6:$G$319,C40)+COUNTIF('Biên Tập'!$G$6:$G$205,C40)+COUNTIF('Thiết Kế'!$G$6:$G$205,C40)+COUNTIF('Media Dựng'!$G$6:$G$205,C40)+COUNTIF('PR Thương Hiệu'!$G$6:$G$205,C40)) -> 2
A41: =SUBTOTAL(103,$B$5:B41) -> 33 | B41: E035NHUNG | C41: NGUYỄN THỊ PHƯƠNG NHUNG | D41: PR | E41: TP PR | G41: nhung.nguyenphuong@apmtech.vn | H41: Đang làm | K41: =IF(C41="","",COUNTIF(ADS!$G$6:$G$319,C41)+COUNTIF('Biên Tập'!$G$6:$G$205,C41)+COUNTIF('Thiết Kế'!$G$6:$G$205,C41)+COUNTIF('Media Dựng'!$G$6:$G$205,C41)+COUNTIF('PR Thương Hiệu'!$G$6:$G$205,C41)) -> 0
A42: =SUBTOTAL(103,$B$5:B42) -> 34 | B42: P052CHI | C42: LÊ HÀ CHI | D42: PR | E42: Chuyên viên | F42: 0987740042 | G42: chi.leha@apmtech.vn | H42: Đang làm | K42: =IF(C42="","",COUNTIF(ADS!$G$6:$G$319,C42)+COUNTIF('Biên Tập'!$G$6:$G$205,C42)+COUNTIF('Thiết Kế'!$G$6:$G$205,C42)+COUNTIF('Media Dựng'!$G$6:$G$205,C42)+COUNTIF('PR Thương Hiệu'!$G$6:$G$205,C42)) -> 2
A43: =SUBTOTAL(103,$B$5:B43) -> 35 | B43: E070ANH | C43: NGUYỄN HOÀNG ANH | D43: Media | K43: =IF(C43="","",COUNTIF(ADS!$G$6:$G$319,C43)+COUNTIF('Biên Tập'!$G$6:$G$205,C43)+COUNTIF('Thiết Kế'!$G$6:$G$205,C43)+COUNTIF('Media Dựng'!$G$6:$G$205,C43)+COUNTIF('PR Thương Hiệu'!$G$6:$G$205,C43)) -> 0
A44: =SUBTOTAL(103,$B$5:B44) -> 36 | B44: E018LUONG | C44: NGUYỄN ĐOÀN HIỀN LƯƠNG | D44: Media | K44: =IF(C44="","",COUNTIF(ADS!$G$6:$G$319,C44)+COUNTIF('Biên Tập'!$G$6:$G$205,C44)+COUNTIF('Thiết Kế'!$G$6:$G$205,C44)+COUNTIF('Media Dựng'!$G$6:$G$205,C44)+COUNTIF('PR Thương Hiệu'!$G$6:$G$205,C44)) -> 0
A45: =SUBTOTAL(103,$B$5:B45) -> 37 | B45: E033THUY | C45: ĐINH THỊ PHƯƠNG THÙY | D45: Media | K45: =IF(C45="","",COUNTIF(ADS!$G$6:$G$319,C45)+COUNTIF('Biên Tập'!$G$6:$G$205,C45)+COUNTIF('Thiết Kế'!$G$6:$G$205,C45)+COUNTIF('Media Dựng'!$G$6:$G$205,C45)+COUNTIF('PR Thương Hiệu'!$G$6:$G$205,C45)) -> 0
A46: =SUBTOTAL(103,$B$5:B46) -> 38 | B46: E048UYEN | C46: NGUYỄN THU UYÊN | D46: Media | K46: =IF(C46="","",COUNTIF(ADS!$G$6:$G$319,C46)+COUNTIF('Biên Tập'!$G$6:$G$205,C46)+COUNTIF('Thiết Kế'!$G$6:$G$205,C46)+COUNTIF('Media Dựng'!$G$6:$G$205,C46)+COUNTIF('PR Thương Hiệu'!$G$6:$G$205,C46)) -> 0
A47: =SUBTOTAL(103,$B$5:B47) -> 39 | B47: P053GIANG | C47: PHAN TRÀ GIANG | D47: Media | K47: =IF(C47="","",COUNTIF(ADS!$G$6:$G$319,C47)+COUNTIF('Biên Tập'!$G$6:$G$205,C47)+COUNTIF('Thiết Kế'!$G$6:$G$205,C47)+COUNTIF('Media Dựng'!$G$6:$G$205,C47)+COUNTIF('PR Thương Hiệu'!$G$6:$G$205,C47)) -> 0
A48: =SUBTOTAL(103,$B$5:B48) -> 40 | B48: E020HONG | C48: VĂN THỊ HỒNG | D48: Media | K48: =IF(C48="","",COUNTIF(ADS!$G$6:$G$319,C48)+COUNTIF('Biên Tập'!$G$6:$G$205,C48)+COUNTIF('Thiết Kế'!$G$6:$G$205,C48)+COUNTIF('Media Dựng'!$G$6:$G$205,C48)+COUNTIF('PR Thương Hiệu'!$G$6:$G$205,C48)) -> 0
A49: =SUBTOTAL(103,$B$5:B49) -> 41 | B49: E003BAO | C49: BÙI THÁI BẢO | D49: Media | K49: =IF(C49="","",COUNTIF(ADS!$G$6:$G$319,C49)+COUNTIF('Biên Tập'!$G$6:$G$205,C49)+COUNTIF('Thiết Kế'!$G$6:$G$205,C49)+COUNTIF('Media Dựng'!$G$6:$G$205,C49)+COUNTIF('PR Thương Hiệu'!$G$6:$G$205,C49)) -> 0
A50: =SUBTOTAL(103,$B$5:B50) -> 42 | B50: E026PHUC | C50: NGUYỄN ĐỨC THÀNH PHÚC | D50: Media | K50: =IF(C50="","",COUNTIF(ADS!$G$6:$G$319,C50)+COUNTIF('Biên Tập'!$G$6:$G$205,C50)+COUNTIF('Thiết Kế'!$G$6:$G$205,C50)+COUNTIF('Media Dựng'!$G$6:$G$205,C50)+COUNTIF('PR Thương Hiệu'!$G$6:$G$205,C50)) -> 0
A51: =SUBTOTAL(103,$B$5:B51) -> 43 | B51: E060DUC | C51: NGUYỄN MINH ĐỨC | D51: Media | K51: =IF(C51="","",COUNTIF(ADS!$G$6:$G$319,C51)+COUNTIF('Biên Tập'!$G$6:$G$205,C51)+COUNTIF('Thiết Kế'!$G$6:$G$205,C51)+COUNTIF('Media Dựng'!$G$6:$G$205,C51)+COUNTIF('PR Thương Hiệu'!$G$6:$G$205,C51)) -> 0
A52: =SUBTOTAL(103,$B$5:B52) -> 44 | B52: E062ANH | C52: NGUYỄN HOÀNG ANH | D52: Media | K52: =IF(C52="","",COUNTIF(ADS!$G$6:$G$319,C52)+COUNTIF('Biên Tập'!$G$6:$G$205,C52)+COUNTIF('Thiết Kế'!$G$6:$G$205,C52)+COUNTIF('Media Dựng'!$G$6:$G$205,C52)+COUNTIF('PR Thương Hiệu'!$G$6:$G$205,C52)) -> 0
A53: =SUBTOTAL(103,$B$5:B53) -> 45 | B53: E028TRUONG | C53: ĐÀO XUÂN TRƯỜNG | D53: PR | K53: =IF(C53="","",COUNTIF(ADS!$G$6:$G$319,C53)+COUNTIF('Biên Tập'!$G$6:$G$205,C53)+COUNTIF('Thiết Kế'!$G$6:$G$205,C53)+COUNTIF('Media Dựng'!$G$6:$G$205,C53)+COUNTIF('PR Thương Hiệu'!$G$6:$G$205,C53)) -> 0
A54: =SUBTOTAL(103,$B$5:B54) -> 46 | B54: E036HUNG | C54: TẠ VĂN HÙNG | D54: PR | K54: =IF(C54="","",COUNTIF(ADS!$G$6:$G$319,C54)+COUNTIF('Biên Tập'!$G$6:$G$205,C54)+COUNTIF('Thiết Kế'!$G$6:$G$205,C54)+COUNTIF('Media Dựng'!$G$6:$G$205,C54)+COUNTIF('PR Thương Hiệu'!$G$6:$G$205,C54)) -> 0
... A59: =SUBTOTAL(103,$B$5:B59) -> 51 | B59: P044THUY | C59: NGUYỄN THỊ THANH THÚY | D59: PR | K59: =IF(C59="","",COUNTIF(ADS!$G$6:$G$319,C59)+COUNTIF('Biên Tập'!$G$6:$G$205,C59)+COUNTIF('Thiết Kế'!$G$6:$G$205,C59)+COUNTIF('Media Dựng'!$G$6:$G$205,C59)+COUNTIF('PR Thương Hiệu'!$G$6:$G$205,C59)) -> 0
A60: =SUBTOTAL(103,$B$5:B60) -> 51 | K60: =IF(C60="","",COUNTIF(ADS!$G$6:$G$319,C60)+COUNTIF('Biên Tập'!$G$6:$G$205,C60)+COUNTIF('Thiết Kế'!$G$6:$G$205,C60)+COUNTIF('Media Dựng'!$G$6:$G$205,C60)+COUNTIF('PR Thương Hiệu'!$G$6:$G$205,C60))
A61: =SUBTOTAL(103,$B$5:B61) -> 51 | K61: =IF(C61="","",COUNTIF(ADS!$G$6:$G$319,C61)+COUNTIF('Biên Tập'!$G$6:$G$205,C61)+COUNTIF('Thiết Kế'!$G$6:$G$205,C61)+COUNTIF('Media Dựng'!$G$6:$G$205,C61)+COUNTIF('PR Thương Hiệu'!$G$6:$G$205,C61))
A62: =SUBTOTAL(103,$B$5:B62) -> 51 | K62: =IF(C62="","",COUNTIF(ADS!$G$6:$G$319,C62)+COUNTIF('Biên Tập'!$G$6:$G$205,C62)+COUNTIF('Thiết Kế'!$G$6:$G$205,C62)+COUNTIF('Media Dựng'!$G$6:$G$205,C62)+COUNTIF('PR Thương Hiệu'!$G$6:$G$205,C62))
A63: =SUBTOTAL(103,$B$5:B63) -> 51 | K63: =IF(C63="","",COUNTIF(ADS!$G$6:$G$319,C63)+COUNTIF('Biên Tập'!$G$6:$G$205,C63)+COUNTIF('Thiết Kế'!$G$6:$G$205,C63)+COUNTIF('Media Dựng'!$G$6:$G$205,C63)+COUNTIF('PR Thương Hiệu'!$G$6:$G$205,C63))
A64: =SUBTOTAL(103,$B$5:B64) -> 51 | K64: =IF(C64="","",COUNTIF(ADS!$G$6:$G$319,C64)+COUNTIF('Biên Tập'!$G$6:$G$205,C64)+COUNTIF('Thiết Kế'!$G$6:$G$205,C64)+COUNTIF('Media Dựng'!$G$6:$G$205,C64)+COUNTIF('PR Thương Hiệu'!$G$6:$G$205,C64))
A65: =SUBTOTAL(103,$B$5:B65) -> 51 | K65: =IF(C65="","",COUNTIF(ADS!$G$6:$G$319,C65)+COUNTIF('Biên Tập'!$G$6:$G$205,C65)+COUNTIF('Thiết Kế'!$G$6:$G$205,C65)+COUNTIF('Media Dựng'!$G$6:$G$205,C65)+COUNTIF('PR Thương Hiệu'!$G$6:$G$205,C65))
A66: =SUBTOTAL(103,$B$5:B66) -> 51 | K66: =IF(C66="","",COUNTIF(ADS!$G$6:$G$319,C66)+COUNTIF('Biên Tập'!$G$6:$G$205,C66)+COUNTIF('Thiết Kế'!$G$6:$G$205,C66)+COUNTIF('Media Dựng'!$G$6:$G$205,C66)+COUNTIF('PR Thương Hiệu'!$G$6:$G$205,C66))
A67: =SUBTOTAL(103,$B$5:B67) -> 51 | K67: =IF(C67="","",COUNTIF(ADS!$G$6:$G$319,C67)+COUNTIF('Biên Tập'!$G$6:$G$205,C67)+COUNTIF('Thiết Kế'!$G$6:$G$205,C67)+COUNTIF('Media Dựng'!$G$6:$G$205,C67)+COUNTIF('PR Thương Hiệu'!$G$6:$G$205,C67))
A68: =SUBTOTAL(103,$B$5:B68) -> 51 | K68: =IF(C68="","",COUNTIF(ADS!$G$6:$G$319,C68)+COUNTIF('Biên Tập'!$G$6:$G$205,C68)+COUNTIF('Thiết Kế'!$G$6:$G$205,C68)+COUNTIF('Media Dựng'!$G$6:$G$205,C68)+COUNTIF('PR Thương Hiệu'!$G$6:$G$205,C68))
A69: =SUBTOTAL(103,$B$5:B69) -> 51 | K69: =IF(C69="","",COUNTIF(ADS!$G$6:$G$319,C69)+COUNTIF('Biên Tập'!$G$6:$G$205,C69)+COUNTIF('Thiết Kế'!$G$6:$G$205,C69)+COUNTIF('Media Dựng'!$G$6:$G$205,C69)+COUNTIF('PR Thương Hiệu'!$G$6:$G$205,C69))
A70: =SUBTOTAL(103,$B$5:B70) -> 51 | K70: =IF(C70="","",COUNTIF(ADS!$G$6:$G$319,C70)+COUNTIF('Biên Tập'!$G$6:$G$205,C70)+COUNTIF('Thiết Kế'!$G$6:$G$205,C70)+COUNTIF('Media Dựng'!$G$6:$G$205,C70)+COUNTIF('PR Thương Hiệu'!$G$6:$G$205,C70))
A71: =SUBTOTAL(103,$B$5:B71) -> 51 | K71: =IF(C71="","",COUNTIF(ADS!$G$6:$G$319,C71)+COUNTIF('Biên Tập'!$G$6:$G$205,C71)+COUNTIF('Thiết Kế'!$G$6:$G$205,C71)+COUNTIF('Media Dựng'!$G$6:$G$205,C71)+COUNTIF('PR Thương Hiệu'!$G$6:$G$205,C71))
... A140: =SUBTOTAL(103,$B$5:B140) -> 51 | K140: =IF(C140="","",COUNTIF(ADS!$G$6:$G$319,C140)+COUNTIF('Biên Tập'!$G$6:$G$205,C140)+COUNTIF('Thiết Kế'!$G$6:$G$205,C140)+COUNTIF('Media Dựng'!$G$6:$G$205,C140)+COUNTIF('PR Thương Hiệu'!$G$6:$G$205,C140))

Sheet ADS
A1: KHAI BÁO TÀI NGUYÊN SỐ – BAN ADS
A2: Người khai báo: | E2: Ngày khai báo:
A3: Lưu ý: KHÔNG ghi mật khẩu. Ô xanh nhạt = ban điền · Cột xám = tự tính · Cột hồng = Phòng Tài nguyên điền. Người được bàn giao phải có trong tab "Người sử dụng".
A4: THÔNG TIN TÀI NGUYÊN (ban tự khai) | T4: TRẠNG THÁI THEO THÁNG (Phòng Tài nguyên cập nhật khi rà soát)
A5: STT | B5: Mã tài nguyên | C5: Loại tài nguyên | D5: ID tài nguyên | E5: Tên tài nguyên | F5: Link | G5: Người được bàn giao (đang quản lý) | H5: Mã NV | I5: Trạng thái người dùng | J5: Quyền đang có | K5: Email đăng ký | L5: SĐT đăng ký | M5: Bảo mật 2 lớp | N5: Ai đang giữ mã 2 lớp | O5: Nguồn gốc | P5: Ngày bắt đầu dùng | Q5: Mục đích sử dụng | R5: Bàn giao về Tài nguyên | S5: Ghi chú | T5: T10/2026 | U5: T11/2026 | V5: T12/2026 | W5: T01/2027 | X5: T02/2027 | Y5: T03/2027 | Z5: T04/2027 | AA5: T05/2027 | AB5: T06/2027 | AC5: T07/2027 | AD5: T08/2027 | AE5: T09/2027
A6: =IF(C6="","",ROW()-5) -> 1 | B6: =IF(C6="","","ADS-"&TEXT(ROW()-5,"000")) -> ADS-001 | C6: Via | D6: 12356489755 | E6: Via Ads 1 | F6: abcxyz.com | G6: ĐỖ VIẾT HUY | H6: {=IFERROR(_xlfn.XLOOKUP(G6:G1230,'Người sử dụng'!$C$4:$C1230,'Người sử dụng'!$B$4:$B1230),"")} -> M062HUY | I6: {=IF(G6="","",IFERROR(INDEX('Người sử dụng'!$H$5:$H$140,MATCH(G6,'Người sử dụng'!$C$5:$C$140,0)),"Chưa có trong DS"))} -> Đang làm | J6: Chủ sở hữu / Admin | O6: Công ty cấp | Q6: Chạy Ads | R6: Đã bàn giao
A7: =IF(C7="","",ROW()-5) -> 2 | B7: =IF(C7="","","ADS-"&TEXT(ROW()-5,"000")) -> ADS-002 | C7: AI | D7: dsffgdg | E7: AI claude | G7: PHƯƠNG VIỆT HOÀNG | H7: M061HOANG | I7: {=IF(G7="","",IFERROR(INDEX('Người sử dụng'!$H$5:$H$140,MATCH(G7,'Người sử dụng'!$C$5:$C$140,0)),"Chưa có trong DS"))} -> Đang làm
A8: =IF(C8="","",ROW()-5) -> 3 | B8: =IF(C8="","","ADS-"&TEXT(ROW()-5,"000")) -> ADS-003 | C8: Page | D8: df6454655 | E8: fdgdfghf | F8: fghfhfgh | G8: PHƯƠNG VIỆT HOÀNG | H8: M061HOANG | I8: {=IF(G8="","",IFERROR(INDEX('Người sử dụng'!$H$5:$H$140,MATCH(G8,'Người sử dụng'!$C$5:$C$140,0)),"Chưa có trong DS"))} -> Đang làm | J8: Chủ sở hữu / Admin | O8: Nhận lại từ người khác | Q8: chạy ads | R8: Chưa bàn giao
A9: =IF(C9="","",ROW()-5) -> 4 | B9: =IF(C9="","","ADS-"&TEXT(ROW()-5,"000")) -> ADS-004 | C9: Nhóm | I9: {=IF(G9="","",IFERROR(INDEX('Người sử dụng'!$H$5:$H$140,MATCH(G9,'Người sử dụng'!$C$5:$C$140,0)),"Chưa có trong DS"))}
A10: =IF(C10="","",ROW()-5) -> 5 | B10: =IF(C10="","","ADS-"&TEXT(ROW()-5,"000")) -> ADS-005 | C10: Via | D10: 100068861280350 | E10: Via | F10: https://www.facebook.com/profile.php?id=100068861280350 | G10: NGUYỄN XUÂN DŨNG | H10: M001DUNG | I10: {=IF(G10="","",IFERROR(INDEX('Người sử dụng'!$H$5:$H$140,MATCH(G10,'Người sử dụng'!$C$5:$C$140,0)),"Chưa có trong DS"))} -> Đang làm | J10: Chủ sở hữu / Admin | M10: Có | N10: Nguyễn Xuân Dũng | O10: Công ty cấp | P10: 46220 | Q10: Chạy ads | R10: Chưa bàn giao
A11: =IF(C11="","",ROW()-5) -> 6 | B11: =IF(C11="","","ADS-"&TEXT(ROW()-5,"000")) -> ADS-006 | C11: Via | D11: 100027532092068 | E11: Via | F11: https://www.facebook.com/vargas.reggie.7 | G11: NGUYỄN XUÂN DŨNG | H11: M001DUNG | I11: {=IF(G11="","",IFERROR(INDEX('Người sử dụng'!$H$5:$H$140,MATCH(G11,'Người sử dụng'!$C$5:$C$140,0)),"Chưa có trong DS"))} -> Đang làm | J11: Chủ sở hữu / Admin | M11: Có | N11: Nguyễn Xuân Dũng | O11: Công ty cấp | Q11: Chạy ads | R11: Chưa bàn giao
A12: =IF(C12="","",ROW()-5) | B12: =IF(C12="","","ADS-"&TEXT(ROW()-5,"000")) | D12: 61575801293716 | E12: Via | F12: https://www.facebook.com/profile.php?id=61575801293716 | G12: NGUYỄN XUÂN DŨNG | H12: M001DUNG | I12: {=IF(G12="","",IFERROR(INDEX('Người sử dụng'!$H$5:$H$140,MATCH(G12,'Người sử dụng'!$C$5:$C$140,0)),"Chưa có trong DS"))} -> Đang làm | J12: Chủ sở hữu / Admin | M12: Có | N12: Nguyễn Xuân Dũng | O12: Công ty cấp | P12: 46276 | Q12: Chạy ads | R12: Chưa bàn giao
A13: =IF(C13="","",ROW()-5) -> 8 | B13: =IF(C13="","","ADS-"&TEXT(ROW()-5,"000")) -> ADS-008 | C13: Page | D13: 100085100801017 | E13: page | F13: https://www.facebook.com/profile.php?id=100085100801017 | G13: NGUYỄN XUÂN DŨNG | H13: M001DUNG | I13: {=IF(G13="","",IFERROR(INDEX('Người sử dụng'!$H$5:$H$140,MATCH(G13,'Người sử dụng'!$C$5:$C$140,0)),"Chưa có trong DS"))} -> Đang làm | J13: Chủ sở hữu / Admin | O13: Công ty cấp | Q13: chạy ads | R13: Chưa bàn giao | S13: chạy ads SG
A14: =IF(C14="","",ROW()-5) -> 9 | B14: =IF(C14="","","ADS-"&TEXT(ROW()-5,"000")) -> ADS-009 | C14: Page | D14: 61550327186842 | E14: page | F14: https://www.facebook.com/profile.php?id=61550327186842 | G14: NGUYỄN XUÂN DŨNG | H14: M001DUNG | I14: {=IF(G14="","",IFERROR(INDEX('Người sử dụng'!$H$5:$H$140,MATCH(G14,'Người sử dụng'!$C$5:$C$140,0)),"Chưa có trong DS"))} -> Đang làm | J14: Chủ sở hữu / Admin | O14: Công ty cấp | Q14: chạy ads | R14: Chưa bàn giao | S14: chạy ads SG
C15: Page | D15: 111005052080409 | E15: page | F15: https://www.facebook.com/3VuTrongTien.VQY103/ | G15: NGUYỄN XUÂN DŨNG | H15: M001DUNG | I15: {=IF(G15="","",IFERROR(INDEX('Người sử dụng'!$H$5:$H$140,MATCH(G15,'Người sử dụng'!$C$5:$C$140,0)),"Chưa có trong DS"))} -> Đang làm | J15: Chủ sở hữu / Admin | O15: Công ty cấp | Q15: chạy ads | R15: Chưa bàn giao | S15: chạy ads HN
C16: Page | D16: 1967012040256785 | E16: page | F16: https://www.facebook.com/TTCB7/ | G16: NGUYỄN XUÂN DŨNG | H16: M001DUNG | I16: {=IF(G16="","",IFERROR(INDEX('Người sử dụng'!$H$5:$H$140,MATCH(G16,'Người sử dụng'!$C$5:$C$140,0)),"Chưa có trong DS"))} -> Đang làm | J16: Chủ sở hữu / Admin | O16: Công ty cấp | Q16: chạy ads | R16: Chưa bàn giao | S16: chạy ads HN
C17: Page | D17: 963061970528125 | E17: page | F17: https://www.facebook.com/DrTientantrangvungkin/ | G17: NGUYỄN XUÂN DŨNG | H17: M001DUNG | I17: {=IF(G17="","",IFERROR(INDEX('Người sử dụng'!$H$5:$H$140,MATCH(G17,'Người sử dụng'!$C$5:$C$140,0)),"Chưa có trong DS"))} -> Đang làm | J17: Chủ sở hữu / Admin | O17: Công ty cấp | Q17: chạy ads | R17: Chưa bàn giao | S17: chạy ads HN
C18: Page | D18: 102549942301147 | E18: page | F18: https://www.facebook.com/103vienquany/ | G18: NGUYỄN XUÂN DŨNG | H18: M001DUNG | I18: {=IF(G18="","",IFERROR(INDEX('Người sử dụng'!$H$5:$H$140,MATCH(G18,'Người sử dụng'!$C$5:$C$140,0)),"Chưa có trong DS"))} -> Đang làm | J18: Chủ sở hữu / Admin | O18: Công ty cấp | Q18: chạy ads | R18: Chưa bàn giao | S18: chạy ads HN
C19: Page | D19: 377662425421795 | E19: page | F19: https://www.facebook.com/profile.php?id=61561262817434 | G19: NGUYỄN XUÂN DŨNG | H19: M001DUNG | I19: {=IF(G19="","",IFERROR(INDEX('Người sử dụng'!$H$5:$H$140,MATCH(G19,'Người sử dụng'!$C$5:$C$140,0)),"Chưa có trong DS"))} -> Đang làm | J19: Chủ sở hữu / Admin | O19: Công ty cấp | Q19: chạy ads | R19: Chưa bàn giao | S19: chạy ads HN
C20: Page | D20: 887919791064480 | E20: page | F20: https://www.facebook.com/VienQuanY103VTT.02/ | G20: NGUYỄN XUÂN DŨNG | H20: M001DUNG | I20: {=IF(G20="","",IFERROR(INDEX('Người sử dụng'!$H$5:$H$140,MATCH(G20,'Người sử dụng'!$C$5:$C$140,0)),"Chưa có trong DS"))} -> Đang làm | J20: Chủ sở hữu / Admin | O20: Công ty cấp | Q20: chạy ads | R20: Chưa bàn giao | S20: chạy ads HN
C21: AI | E21: Claud | G21: NGUYỄN XUÂN DŨNG | H21: M001DUNG | I21: {=IF(G21="","",IFERROR(INDEX('Người sử dụng'!$H$5:$H$140,MATCH(G21,'Người sử dụng'!$C$5:$C$140,0)),"Chưa có trong DS"))} -> Đang làm | J21: Chủ sở hữu / Admin | K21: nqa.nguyenxuandung@gmail.com | O21: Tự tạo | R21: Chưa bàn giao
A23: =IF(C23="","",ROW()-5) -> 18 | B23: =IF(C23="","","ADS-"&TEXT(ROW()-5,"000")) -> ADS-018 | C23: Via | D23: 61577314978339 | E23: Via | F23: https://www.facebook.com/profile.php?id=61577314978339 | G23: PHƯƠNG VIỆT HOÀNG | H23: M061HOANG | I23: {=IF(G23="","",IFERROR(INDEX('Người sử dụng'!$H$5:$H$140,MATCH(G23,'Người sử dụng'!$C$5:$C$140,0)),"Chưa có trong DS"))} -> Đang làm | J23: Chủ sở hữu / Admin | M23: Có | N23: Phương Việt Hoàng | O23: Công ty cấp | Q23: Chạy ads | R23: Đã bàn giao
A24: =IF(C24="","",ROW()-5) -> 19 | B24: =IF(C24="","","ADS-"&TEXT(ROW()-5,"000")) -> ADS-019 | C24: Via | D24: 61577722010031 | E24: Via | F24: https://www.facebook.com/profile.php?id=61577722010031 | G24: PHƯƠNG VIỆT HOÀNG | H24: M061HOANG | I24: {=IF(G24="","",IFERROR(INDEX('Người sử dụng'!$H$5:$H$140,MATCH(G24,'Người sử dụng'!$C$5:$C$140,0)),"Chưa có trong DS"))} -> Đang làm | J24: Chủ sở hữu / Admin | M24: Có | N24: Phương Việt Hoàng | O24: Công ty cấp | Q24: Chạy ads | R24: Đã bàn giao
A25: =IF(C25="","",ROW()-5) -> 20 | B25: =IF(C25="","","ADS-"&TEXT(ROW()-5,"000")) -> ADS-020 | C25: Via | D25: 61577444008325 | E25: Via | F25: https://www.facebook.com/profile.php?id=61577444008325 | G25: PHƯƠNG VIỆT HOÀNG | H25: M061HOANG | I25: {=IF(G25="","",IFERROR(INDEX('Người sử dụng'!$H$5:$H$140,MATCH(G25,'Người sử dụng'!$C$5:$C$140,0)),"Chưa có trong DS"))} -> Đang làm | J25: Chủ sở hữu / Admin | M25: Có | N25: Phương Việt Hoàng | O25: Công ty cấp | Q25: Chạy ads | R25: Đã bàn giao
A26: =IF(C26="","",ROW()-5) -> 21 | B26: =IF(C26="","","ADS-"&TEXT(ROW()-5,"000")) -> ADS-021 | C26: Page | E26: Page SG | F26: https://www.facebook.com/thammytieueva.bacsivutrongtien/ | G26: PHƯƠNG VIỆT HOÀNG | H26: M061HOANG | I26: {=IF(G26="","",IFERROR(INDEX('Người sử dụng'!$H$5:$H$140,MATCH(G26,'Người sử dụng'!$C$5:$C$140,0)),"Chưa có trong DS"))} -> Đang làm | J26: Chủ sở hữu / Admin | N26: Phương Việt Hoàng | O26: Công ty cấp | Q26: chạy ads SG | R26: Đã bàn giao
A27: =IF(C27="","",ROW()-5) -> 22 | B27: =IF(C27="","","ADS-"&TEXT(ROW()-5,"000")) -> ADS-022 | C27: Page | E27: Page SG | F27: https://www.facebook.com/thammytieueva.bacsivutrongtien/ | G27: PHƯƠNG VIỆT HOÀNG | H27: M061HOANG | I27: {=IF(G27="","",IFERROR(INDEX('Người sử dụng'!$H$5:$H$140,MATCH(G27,'Người sử dụng'!$C$5:$C$140,0)),"Chưa có trong DS"))} -> Đang làm | J27: Chủ sở hữu / Admin | N27: Phương Việt Hoàng | O27: Công ty cấp | Q27: chạy ads SG | R27: Đã bàn giao
A28: =IF(C28="","",ROW()-5) -> 23 | B28: =IF(C28="","","ADS-"&TEXT(ROW()-5,"000")) -> ADS-023 | C28: VPS | D28: 103.216.118.184 | E28: Server | G28: PHƯƠNG VIỆT HOÀNG | H28: M061HOANG | I28: {=IF(G28="","",IFERROR(INDEX('Người sử dụng'!$H$5:$H$140,MATCH(G28,'Người sử dụng'!$C$5:$C$140,0)),"Chưa có trong DS"))} -> Đang làm | J28: Chủ sở hữu / Admin | N28: Phương Việt Hoàng | O28: Công ty cấp | Q28: Phòng Tài Nguyên | R28: Đã bàn giao
A29: =IF(C29="","",ROW()-5) -> 24 | B29: =IF(C29="","","ADS-"&TEXT(ROW()-5,"000")) -> ADS-024 | C29: Kênh Tiktok | E29: Kênh Tiktok HN | F29: https://www.tiktok.com/@apexmed_vutrongtien | G29: PHƯƠNG VIỆT HOÀNG | H29: M061HOANG | I29: {=IF(G29="","",IFERROR(INDEX('Người sử dụng'!$H$5:$H$140,MATCH(G29,'Người sử dụng'!$C$5:$C$140,0)),"Chưa có trong DS"))} -> Đang làm | J29: Chủ sở hữu / Admin | N29: Phương Việt Hoàng | O29: Công ty cấp | Q29: chạy ads HN | R29: Đã bàn giao
A30: =IF(C30="","",ROW()-5) -> 25 | B30: =IF(C30="","","ADS-"&TEXT(ROW()-5,"000")) -> ADS-025 | C30: TKQC Tiktok | E30: Kênh Tiktok HN | F30: https://www.tiktok.com/@bsvutrongtien29 | G30: PHƯƠNG VIỆT HOÀNG | H30: M061HOANG | I30: {=IF(G30="","",IFERROR(INDEX('Người sử dụng'!$H$5:$H$140,MATCH(G30,'Người sử dụng'!$C$5:$C$140,0)),"Chưa có trong DS"))} -> Đang làm | J30: Chủ sở hữu / Admin | N30: Phương Việt Hoàng | O30: Công ty cấp | Q30: chạy ads HN | R30: Đã bàn giao
A31: =IF(C31="","",ROW()-5) -> 26 | B31: =IF(C31="","","ADS-"&TEXT(ROW()-5,"000")) -> ADS-026 | C31: Kênh Tiktok | E31: Kênh Tiktok SG | F31: https://www.tiktok.com/@bsvutrongtienlamdep | G31: PHƯƠNG VIỆT HOÀNG | H31: M061HOANG | I31: {=IF(G31="","",IFERROR(INDEX('Người sử dụng'!$H$5:$H$140,MATCH(G31,'Người sử dụng'!$C$5:$C$140,0)),"Chưa có trong DS"))} -> Đang làm | J31: Chủ sở hữu / Admin | N31: Phương Việt Hoàng | O31: Công ty cấp | Q31: chạy ads SG | R31: Đã bàn giao
A32: =IF(C32="","",ROW()-5) -> 27 | B32: =IF(C32="","","ADS-"&TEXT(ROW()-5,"000")) -> ADS-027 | C32: Kênh Tiktok | E32: Kênh Tiktok SG | F32: https://www.tiktok.com/@drvutrongtienlamdepeva | G32: PHƯƠNG VIỆT HOÀNG | H32: M061HOANG | I32: {=IF(G32="","",IFERROR(INDEX('Người sử dụng'!$H$5:$H$140,MATCH(G32,'Người sử dụng'!$C$5:$C$140,0)),"Chưa có trong DS"))} -> Đang làm | J32: Chủ sở hữu / Admin | N32: Phương Việt Hoàng | O32: Công ty cấp | Q32: chạy ads SG | R32: Đã bàn giao
A33: =IF(C33="","",ROW()-5) -> 28 | B33: =IF(C33="","","ADS-"&TEXT(ROW()-5,"000")) -> ADS-028 | C33: Tên Miền | D33: Tenten | E33: Tenten | G33: PHƯƠNG VIỆT HOÀNG | H33: M061HOANG | I33: {=IF(G33="","",IFERROR(INDEX('Người sử dụng'!$H$5:$H$140,MATCH(G33,'Người sử dụng'!$C$5:$C$140,0)),"Chưa có trong DS"))} -> Đang làm | J33: Chủ sở hữu / Admin | N33: Phương Việt Hoàng | O33: Công ty cấp | R33: Đã bàn giao
A34: =IF(C34="","",ROW()-5) -> 29 | B34: =IF(C34="","","ADS-"&TEXT(ROW()-5,"000")) -> ADS-029 | C34: TKQC | D34: 470635541114399 | E34: TKQC FB SG | G34: PHƯƠNG VIỆT HOÀNG | H34: M061HOANG | I34: {=IF(G34="","",IFERROR(INDEX('Người sử dụng'!$H$5:$H$140,MATCH(G34,'Người sử dụng'!$C$5:$C$140,0)),"Chưa có trong DS"))} -> Đang làm | J34: Chủ sở hữu / Admin | N34: Phương Việt Hoàng | O34: Công ty cấp | Q34: chạy ads SG | R34: Đã bàn giao
A35: =IF(C35="","",ROW()-5) -> 30 | B35: =IF(C35="","","ADS-"&TEXT(ROW()-5,"000")) -> ADS-030 | C35: TKQC | D35: 3136153196597031 | E35: TKQC FB SG | G35: PHƯƠNG VIỆT HOÀNG | H35: M061HOANG | I35: {=IF(G35="","",IFERROR(INDEX('Người sử dụng'!$H$5:$H$140,MATCH(G35,'Người sử dụng'!$C$5:$C$140,0)),"Chưa có trong DS"))} -> Đang làm | J35: Chủ sở hữu / Admin | N35: Phương Việt Hoàng | O35: Công ty cấp | Q35: chạy ads SG | R35: Đã bàn giao
A36: =IF(C36="","",ROW()-5) -> 31 | B36: =IF(C36="","","ADS-"&TEXT(ROW()-5,"000")) -> ADS-031 | C36: TKQC | D36: 263888462486121 | E36: TKQC FB SG | G36: PHƯƠNG VIỆT HOÀNG | H36: M061HOANG | I36: {=IF(G36="","",IFERROR(INDEX('Người sử dụng'!$H$5:$H$140,MATCH(G36,'Người sử dụng'!$C$5:$C$140,0)),"Chưa có trong DS"))} -> Đang làm | J36: Chủ sở hữu / Admin | N36: Phương Việt Hoàng | O36: Công ty cấp | Q36: chạy ads SG | R36: Đã bàn giao
A37: =IF(C37="","",ROW()-5) -> 32 | B37: =IF(C37="","","ADS-"&TEXT(ROW()-5,"000")) -> ADS-032 | C37: TKQC | D37: 352426263050361 | E37: TKQC FB SG | G37: PHƯƠNG VIỆT HOÀNG | H37: M061HOANG | I37: {=IF(G37="","",IFERROR(INDEX('Người sử dụng'!$H$5:$H$140,MATCH(G37,'Người sử dụng'!$C$5:$C$140,0)),"Chưa có trong DS"))} -> Đang làm | J37: Chủ sở hữu / Admin | N37: Phương Việt Hoàng | O37: Công ty cấp | Q37: chạy ads SG | R37: Đã bàn giao
A38: =IF(C38="","",ROW()-5) -> 33 | B38: =IF(C38="","","ADS-"&TEXT(ROW()-5,"000")) -> ADS-033 | C38: TKQC | D38: 2534371600033681 | E38: TKQC FB SG | G38: PHƯƠNG VIỆT HOÀNG | H38: M061HOANG | I38: {=IF(G38="","",IFERROR(INDEX('Người sử dụng'!$H$5:$H$140,MATCH(G38,'Người sử dụng'!$C$5:$C$140,0)),"Chưa có trong DS"))} -> Đang làm | J38: Chủ sở hữu / Admin | N38: Phương Việt Hoàng | O38: Công ty cấp | Q38: chạy ads SG | R38: Đã bàn giao
A39: =IF(C39="","",ROW()-5) -> 34 | B39: =IF(C39="","","ADS-"&TEXT(ROW()-5,"000")) -> ADS-034 | C39: TKQC | D39: 263689352503672 | E39: TKQC FB SG | G39: PHƯƠNG VIỆT HOÀNG | H39: M061HOANG | I39: {=IF(G39="","",IFERROR(INDEX('Người sử dụng'!$H$5:$H$140,MATCH(G39,'Người sử dụng'!$C$5:$C$140,0)),"Chưa có trong DS"))} -> Đang làm | J39: Chủ sở hữu / Admin | N39: Phương Việt Hoàng | O39: Công ty cấp | Q39: chạy ads SG | R39: Đã bàn giao
A40: =IF(C40="","",ROW()-5) -> 35 | B40: =IF(C40="","","ADS-"&TEXT(ROW()-5,"000")) -> ADS-035 | C40: TKQC | D40: 384367023449993 | E40: TKQC FB SG | G40: PHƯƠNG VIỆT HOÀNG | H40: M061HOANG | I40: {=IF(G40="","",IFERROR(INDEX('Người sử dụng'!$H$5:$H$140,MATCH(G40,'Người sử dụng'!$C$5:$C$140,0)),"Chưa có trong DS"))} -> Đang làm | J40: Chủ sở hữu / Admin | N40: Phương Việt Hoàng | O40: Công ty cấp | Q40: chạy ads SG | R40: Đã bàn giao
A41: =IF(C41="","",ROW()-5) -> 36 | B41: =IF(C41="","","ADS-"&TEXT(ROW()-5,"000")) -> ADS-036 | C41: TKQC | D41: 653116649067906 | E41: TKQC FB SG | G41: PHƯƠNG VIỆT HOÀNG | H41: M061HOANG | I41: {=IF(G41="","",IFERROR(INDEX('Người sử dụng'!$H$5:$H$140,MATCH(G41,'Người sử dụng'!$C$5:$C$140,0)),"Chưa có trong DS"))} -> Đang làm | J41: Chủ sở hữu / Admin | N41: Phương Việt Hoàng | O41: Công ty cấp | Q41: chạy ads SG | R41: Đã bàn giao
A42: =IF(C42="","",ROW()-5) -> 37 | B42: =IF(C42="","","ADS-"&TEXT(ROW()-5,"000")) -> ADS-037 | C42: TKQC | D42: 955005001784750 | E42: TKQC FB SG | G42: PHƯƠNG VIỆT HOÀNG | H42: M061HOANG | I42: {=IF(G42="","",IFERROR(INDEX('Người sử dụng'!$H$5:$H$140,MATCH(G42,'Người sử dụng'!$C$5:$C$140,0)),"Chưa có trong DS"))} -> Đang làm | J42: Chủ sở hữu / Admin | N42: Phương Việt Hoàng | O42: Công ty cấp | Q42: chạy ads SG | R42: Đã bàn giao
A43: =IF(C43="","",ROW()-5) -> 38 | B43: =IF(C43="","","ADS-"&TEXT(ROW()-5,"000")) -> ADS-038 | C43: TKQC | D43: 460304405641710 | E43: TKQC FB SG | G43: PHƯƠNG VIỆT HOÀNG | H43: M061HOANG | I43: {=IF(G43="","",IFERROR(INDEX('Người sử dụng'!$H$5:$H$140,MATCH(G43,'Người sử dụng'!$C$5:$C$140,0)),"Chưa có trong DS"))} -> Đang làm | J43: Chủ sở hữu / Admin | N43: Phương Việt Hoàng | O43: Công ty cấp | Q43: chạy ads SG | R43: Đã bàn giao
A44: =IF(C44="","",ROW()-5) -> 39 | B44: =IF(C44="","","ADS-"&TEXT(ROW()-5,"000")) -> ADS-039 | C44: BC Tiktok | D44: 7585062489616973825 | E44: BC GPI 3 | G44: PHƯƠNG VIỆT HOÀNG | H44: M061HOANG | I44: {=IF(G44="","",IFERROR(INDEX('Người sử dụng'!$H$5:$H$140,MATCH(G44,'Người sử dụng'!$C$5:$C$140,0)),"Chưa có trong DS"))} -> Đang làm | J44: Chủ sở hữu / Admin | K44: h2astore97@gmail.com | N44: Phương Việt Hoàng | O44: Công ty cấp | Q44: chạy ads HN | R44: Đã bàn giao
A45: =IF(C45="","",ROW()-5) -> 40 | B45: =IF(C45="","","ADS-"&TEXT(ROW()-5,"000")) -> ADS-040 | C45: BC Tiktok | D45: 7667793350824656917 | E45: BC APEX 2 | G45: PHƯƠNG VIỆT HOÀNG | H45: M061HOANG | I45: {=IF(G45="","",IFERROR(INDEX('Người sử dụng'!$H$5:$H$140,MATCH(G45,'Người sử dụng'!$C$5:$C$140,0)),"Chưa có trong DS"))} -> Đang làm | J45: Chủ sở hữu / Admin | K45: tiktokadswin01@gmail.com | N45: Phương Việt Hoàng | O45: Công ty cấp | Q45: chạy ads HN | R45: Đã bàn giao
A46: =IF(C46="","",ROW()-5) -> 41 | B46: =IF(C46="","","ADS-"&TEXT(ROW()-5,"000")) -> ADS-041 | C46: BC Tiktok | D46: 7195082204400140289 | E46: BC GPI 2 | G46: PHƯƠNG VIỆT HOÀNG | H46: M061HOANG | I46: {=IF(G46="","",IFERROR(INDEX('Người sử dụng'!$H$5:$H$140,MATCH(G46,'Người sử dụng'!$C$5:$C$140,0)),"Chưa có trong DS"))} -> Đang làm | J46: Chủ sở hữu / Admin | K46: phuongviethoang2712@gmail.com | N46: Phương Việt Hoàng | O46: Công ty cấp | Q46: chạy ads HN | R46: Đã bàn giao
A47: =IF(C47="","",ROW()-5) -> 42 | B47: =IF(C47="","","ADS-"&TEXT(ROW()-5,"000")) -> ADS-042 | C47: BC Tiktok | D47: 7547267101661216769 | E47: BC CMG 2 | G47: PHƯƠNG VIỆT HOÀNG | H47: M061HOANG | I47: {=IF(G47="","",IFERROR(INDEX('Người sử dụng'!$H$5:$H$140,MATCH(G47,'Người sử dụng'!$C$5:$C$140,0)),"Chưa có trong DS"))} -> Đang làm | J47: Chủ sở hữu / Admin | K47: phuongviethoang2712@gmail.com | N47: Phương Việt Hoàng | O47: Công ty cấp | Q47: chạy ads SG | R47: Đã bàn giao
A48: =IF(C48="","",ROW()-5) -> 43 | B48: =IF(C48="","","ADS-"&TEXT(ROW()-5,"000")) -> ADS-043 | C48: BC Tiktok | D48: 7665269632233521168 | E48: BC APEX 1 | G48: PHƯƠNG VIỆT HOÀNG | H48: M061HOANG | I48: {=IF(G48="","",IFERROR(INDEX('Người sử dụng'!$H$5:$H$140,MATCH(G48,'Người sử dụng'!$C$5:$C$140,0)),"Chưa có trong DS"))} -> Đang làm | J48: Chủ sở hữu / Admin | K48: phuongviethoang2712@gmail.com | N48: Phương Việt Hoàng | O48: Công ty cấp | Q48: chạy ads HN | R48: Đã bàn giao
A49: =IF(C49="","",ROW()-5) -> 44 | B49: =IF(C49="","","ADS-"&TEXT(ROW()-5,"000")) -> ADS-044 | C49: BC Tiktok | D49: 7362481136926212112 | E49: BC GPI 1 | G49: PHƯƠNG VIỆT HOÀNG | H49: M061HOANG | I49: {=IF(G49="","",IFERROR(INDEX('Người sử dụng'!$H$5:$H$140,MATCH(G49,'Người sử dụng'!$C$5:$C$140,0)),"Chưa có trong DS"))} -> Đang làm | J49: Chủ sở hữu / Admin | K49: pyohcm@gmail.com | N49: Phương Việt Hoàng | O49: Công ty cấp | Q49: chạy ads HN | R49: Đã bàn giao
A50: =IF(C50="","",ROW()-5) -> 45 | B50: =IF(C50="","","ADS-"&TEXT(ROW()-5,"000")) -> ADS-045 | C50: BC Tiktok | D50: 7690401303339499521 | E50: BC CMG 1 | G50: PHƯƠNG VIỆT HOÀNG | H50: M061HOANG | I50: {=IF(G50="","",IFERROR(INDEX('Người sử dụng'!$H$5:$H$140,MATCH(G50,'Người sử dụng'!$C$5:$C$140,0)),"Chưa có trong DS"))} -> Đang làm | J50: Chủ sở hữu / Admin | K50: tailieuhoctapc80@gmail.com | N50: Phương Việt Hoàng | O50: Công ty cấp | Q50: chạy ads SG | R50: Đã bàn giao
A51: =IF(C51="","",ROW()-5) -> 46 | B51: =IF(C51="","","ADS-"&TEXT(ROW()-5,"000")) -> ADS-046 | C51: Via | D51: 100084029191302 | E51: Via | G51: NGÔ TRỌNG HUY | H51: M011HUY | I51: {=IF(G51="","",IFERROR(INDEX('Người sử dụng'!$H$5:$H$140,MATCH(G51,'Người sử dụng'!$C$5:$C$140,0)),"Chưa có trong DS"))} -> Đang làm | J51: Chủ sở hữu / Admin | N51: Ngô Trọng Huy | O51: Công ty cấp | Q51: chạy ads SG
A52: =IF(C52="","",ROW()-5) -> 47 | B52: =IF(C52="","","ADS-"&TEXT(ROW()-5,"000")) -> ADS-047 | C52: Via | D52: 100004789503482 | E52: Via | G52: NGÔ TRỌNG HUY | H52: M011HUY | I52: {=IF(G52="","",IFERROR(INDEX('Người sử dụng'!$H$5:$H$140,MATCH(G52,'Người sử dụng'!$C$5:$C$140,0)),"Chưa có trong DS"))} -> Đang làm | J52: Chủ sở hữu / Admin | N52: Ngô Trọng Huy | O52: Công ty cấp | Q52: chạy ads SG
A53: =IF(C53="","",ROW()-5) -> 48 | B53: =IF(C53="","","ADS-"&TEXT(ROW()-5,"000")) -> ADS-048 | C53: Via | D53: 100016553220099 | E53: Via | G53: NGÔ TRỌNG HUY | H53: M011HUY | I53: {=IF(G53="","",IFERROR(INDEX('Người sử dụng'!$H$5:$H$140,MATCH(G53,'Người sử dụng'!$C$5:$C$140,0)),"Chưa có trong DS"))} -> Đang làm | J53: Chủ sở hữu / Admin | N53: Ngô Trọng Huy | O53: Công ty cấp | Q53: chạy ads SG
A54: =IF(C54="","",ROW()-5) -> 49 | B54: =IF(C54="","","ADS-"&TEXT(ROW()-5,"000")) -> ADS-049 | C54: Via | D54: 100056353158434 | E54: Via | G54: NGÔ TRỌNG HUY | H54: M011HUY | I54: {=IF(G54="","",IFERROR(INDEX('Người sử dụng'!$H$5:$H$140,MATCH(G54,'Người sử dụng'!$C$5:$C$140,0)),"Chưa có trong DS"))} -> Đang làm | J54: Chủ sở hữu / Admin | N54: Ngô Trọng Huy | O54: Công ty cấp | Q54: chạy ads SG
A55: =IF(C55="","",ROW()-5) -> 50 | B55: =IF(C55="","","ADS-"&TEXT(ROW()-5,"000")) -> ADS-050 | C55: Via | D55: 100068250807108 | E55: Via | G55: NGÔ TRỌNG HUY | H55: M011HUY | I55: {=IF(G55="","",IFERROR(INDEX('Người sử dụng'!$H$5:$H$140,MATCH(G55,'Người sử dụng'!$C$5:$C$140,0)),"Chưa có trong DS"))} -> Đang làm | J55: Chủ sở hữu / Admin | N55: Ngô Trọng Huy | O55: Công ty cấp | Q55: chạy ads SG
A56: =IF(C56="","",ROW()-5) -> 51 | B56: =IF(C56="","","ADS-"&TEXT(ROW()-5,"000")) -> ADS-051 | C56: Via | D56: 61576837544492 | E56: Via | G56: ĐỖ SƠN TÙNG | H56: M014TUNG | I56: {=IF(G56="","",IFERROR(INDEX('Người sử dụng'!$H$5:$H$140,MATCH(G56,'Người sử dụng'!$C$5:$C$140,0)),"Chưa có trong DS"))} -> Đang làm | J56: Chủ sở hữu / Admin | N56: Ngô Trọng Huy | O56: Công ty cấp | Q56: chạy ads SG
A57: =IF(C57="","",ROW()-5) -> 52 | B57: =IF(C57="","","ADS-"&TEXT(ROW()-5,"000")) -> ADS-052 | C57: Via | D57: 61575886942908 | E57: Via | G57: ĐỖ SƠN TÙNG | H57: M014TUNG | I57: {=IF(G57="","",IFERROR(INDEX('Người sử dụng'!$H$5:$H$140,MATCH(G57,'Người sử dụng'!$C$5:$C$140,0)),"Chưa có trong DS"))} -> Đang làm | J57: Chủ sở hữu / Admin | N57: Ngô Trọng Huy | O57: Công ty cấp | Q57: chạy ads SG
A58: =IF(C58="","",ROW()-5) -> 53 | B58: =IF(C58="","","ADS-"&TEXT(ROW()-5,"000")) -> ADS-053 | C58: Via | D58: 61577199909596 | E58: Via | G58: NGÔ TRỌNG HUY | H58: M011HUY | I58: {=IF(G58="","",IFERROR(INDEX('Người sử dụng'!$H$5:$H$140,MATCH(G58,'Người sử dụng'!$C$5:$C$140,0)),"Chưa có trong DS"))} -> Đang làm | J58: Chủ sở hữu / Admin | N58: Ngô Trọng Huy | O58: Công ty cấp | Q58: chạy ads SG
A59: =IF(C59="","",ROW()-5) -> 54 | B59: =IF(C59="","","ADS-"&TEXT(ROW()-5,"000")) -> ADS-054 | C59: Via | D59: 61577403869243 | E59: Via | G59: NGÔ TRỌNG HUY | H59: M011HUY | I59: {=IF(G59="","",IFERROR(INDEX('Người sử dụng'!$H$5:$H$140,MATCH(G59,'Người sử dụng'!$C$5:$C$140,0)),"Chưa có trong DS"))} -> Đang làm | J59: Chủ sở hữu / Admin | N59: Ngô Trọng Huy | O59: Công ty cấp | Q59: chạy ads SG
A60: =IF(C60="","",ROW()-5) -> 55 | B60: =IF(C60="","","ADS-"&TEXT(ROW()-5,"000")) -> ADS-055 | C60: Via | D60: 61577577386138 | E60: Via | G60: NGÔ TRỌNG HUY | H60: M011HUY | I60: {=IF(G60="","",IFERROR(INDEX('Người sử dụng'!$H$5:$H$140,MATCH(G60,'Người sử dụng'!$C$5:$C$140,0)),"Chưa có trong DS"))} -> Đang làm | J60: Chủ sở hữu / Admin | N60: Ngô Trọng Huy | O60: Công ty cấp | Q60: chạy ads SG
A61: =IF(C61="","",ROW()-5) -> 56 | B61: =IF(C61="","","ADS-"&TEXT(ROW()-5,"000")) -> ADS-056 | C61: Via | D61: 61577640803407 | E61: Via | G61: ĐÀO ĐÌNH DƯƠNG | H61: M015DUONG | I61: {=IF(G61="","",IFERROR(INDEX('Người sử dụng'!$H$5:$H$140,MATCH(G61,'Người sử dụng'!$C$5:$C$140,0)),"Chưa có trong DS"))} -> Đang làm | J61: Chủ sở hữu / Admin | N61: Ngô Trọng Huy | O61: Công ty cấp | Q61: chạy ads SG
A62: =IF(C62="","",ROW()-5) -> 57 | B62: =IF(C62="","","ADS-"&TEXT(ROW()-5,"000")) -> ADS-057 | C62: Via | D62: 61577902347679 | E62: Via | G62: HOÀNG ANH | H62: M016ANH | I62: {=IF(G62="","",IFERROR(INDEX('Người sử dụng'!$H$5:$H$140,MATCH(G62,'Người sử dụng'!$C$5:$C$140,0)),"Chưa có trong DS"))} -> Đang làm | J62: Chủ sở hữu / Admin | N62: Ngô Trọng Huy | O62: Công ty cấp | Q62: chạy ads SG
... A87: =IF(C87="","",ROW()-5) -> 82 | B87: =IF(C87="","","ADS-"&TEXT(ROW()-5,"000")) -> ADS-082 | C87: Via | D87: 61577106243073 | E87: Via | G87: NGÔ TRỌNG HUY | H87: M011HUY | I87: {=IF(G87="","",IFERROR(INDEX('Người sử dụng'!$H$5:$H$140,MATCH(G87,'Người sử dụng'!$C$5:$C$140,0)),"Chưa có trong DS"))} -> Đang làm | J87: Chủ sở hữu / Admin | N87: Ngô Trọng Huy | O87: Công ty cấp | Q87: chạy ads SG
A89: =IF(C89="","",ROW()-5) -> 84 | B89: =IF(C89="","","ADS-"&TEXT(ROW()-5,"000")) -> ADS-084 | C89: Page | E89: Page HN | F89: https://www.facebook.com/bacsitien.apexmed/ | G89: BÙI ĐÌNH ĐỨC | H89: M005DUC | I89: {=IF(G89="","",IFERROR(INDEX('Người sử dụng'!$H$5:$H$140,MATCH(G89,'Người sử dụng'!$C$5:$C$140,0)),"Chưa có trong DS"))} -> Đang làm | J89: Chủ sở hữu / Admin | O89: Công ty cấp | Q89: Chạy ads | R89: Đã bàn giao
A90: =IF(C90="","",ROW()-5) -> 85 | B90: =IF(C90="","","ADS-"&TEXT(ROW()-5,"000")) -> ADS-085 | C90: Page | E90: Page HN | F90: https://www.facebook.com/drtien.tantrangcobe103 | G90: BÙI ĐÌNH ĐỨC | H90: M005DUC | I90: {=IF(G90="","",IFERROR(INDEX('Người sử dụng'!$H$5:$H$140,MATCH(G90,'Người sử dụng'!$C$5:$C$140,0)),"Chưa có trong DS"))} -> Đang làm | J90: Chủ sở hữu / Admin | O90: Công ty cấp | Q90: Chạy ads | R90: Đã bàn giao
A91: =IF(C91="","",ROW()-5) | B91: =IF(C91="","","ADS-"&TEXT(ROW()-5,"000")) | I91: {=IF(G91="","",IFERROR(INDEX('Người sử dụng'!$H$5:$H$140,MATCH(G91,'Người sử dụng'!$C$5:$C$140,0)),"Chưa có trong DS"))}
A92: =IF(C92="","",ROW()-5) | B92: =IF(C92="","","ADS-"&TEXT(ROW()-5,"000")) | I92: {=IF(G92="","",IFERROR(INDEX('Người sử dụng'!$H$5:$H$140,MATCH(G92,'Người sử dụng'!$C$5:$C$140,0)),"Chưa có trong DS"))}
A93: =IF(C93="","",ROW()-5) -> 88 | B93: =IF(C93="","","ADS-"&TEXT(ROW()-5,"000")) -> ADS-088 | C93: Via | D93: 61575144252391 | E93: via set ads | F93: https://www.facebook.com/profile.php?id=61575144252391 | G93: VƯƠNG ANH ĐỨC | H93: M046DUC | I93: {=IF(G93="","",IFERROR(INDEX('Người sử dụng'!$H$5:$H$140,MATCH(G93,'Người sử dụng'!$C$5:$C$140,0)),"Chưa có trong DS"))} -> Đang làm | J93: Chủ sở hữu / Admin | O93: Công ty cấp | Q93: Chạy ads | R93: Đã bàn giao
A94: =IF(C94="","",ROW()-5) -> 89 | B94: =IF(C94="","","ADS-"&TEXT(ROW()-5,"000")) -> ADS-089 | C94: Page | D94: 100089455893790 | E94: Page HN | F94: https://www.facebook.com/profile.php?id=100089455893790 | G94: VƯƠNG ANH ĐỨC | H94: M046DUC | I94: {=IF(G94="","",IFERROR(INDEX('Người sử dụng'!$H$5:$H$140,MATCH(G94,'Người sử dụng'!$C$5:$C$140,0)),"Chưa có trong DS"))} -> Đang làm | J94: Chủ sở hữu / Admin | O94: Công ty cấp | Q94: Chạy ads | R94: Đã bàn giao
A95: =IF(C95="","",ROW()-5) -> 90 | B95: =IF(C95="","","ADS-"&TEXT(ROW()-5,"000")) -> ADS-090 | C95: Page | D95: 100085131549687 | E95: Page HN | F95: https://www.facebook.com/profile.php?id=100085131549687 | G95: VƯƠNG ANH ĐỨC | H95: M046DUC | I95: {=IF(G95="","",IFERROR(INDEX('Người sử dụng'!$H$5:$H$140,MATCH(G95,'Người sử dụng'!$C$5:$C$140,0)),"Chưa có trong DS"))} -> Đang làm | J95: Chủ sở hữu / Admin | O95: Công ty cấp | Q95: Chạy ads | R95: Đã bàn giao
A96: =IF(C96="","",ROW()-5) -> 91 | B96: =IF(C96="","","ADS-"&TEXT(ROW()-5,"000")) -> ADS-091 | C96: Page | D96: 100089212843600 | E96: Page HN | F96: https://www.facebook.com/profile.php?id=100089212843600 | G96: VƯƠNG ANH ĐỨC | H96: M046DUC | I96: {=IF(G96="","",IFERROR(INDEX('Người sử dụng'!$H$5:$H$140,MATCH(G96,'Người sử dụng'!$C$5:$C$140,0)),"Chưa có trong DS"))} -> Đang làm | J96: Chủ sở hữu / Admin | O96: Công ty cấp | Q96: Chạy ads | R96: Đã bàn giao
A97: =IF(C97="","",ROW()-5) | B97: =IF(C97="","","ADS-"&TEXT(ROW()-5,"000")) | I97: {=IF(G97="","",IFERROR(INDEX('Người sử dụng'!$H$5:$H$140,MATCH(G97,'Người sử dụng'!$C$5:$C$140,0)),"Chưa có trong DS"))}
A98: =IF(C98="","",ROW()-5) -> 93 | B98: =IF(C98="","","ADS-"&TEXT(ROW()-5,"000")) -> ADS-093 | C98: Page | E98: Page HN | F98: https://www.facebook.com/profile.php?id=61582889454685&locale=vi_VN | G98: NGUYỄN QUANG NGUYÊN | H98: M043NGUYEN | I98: {=IF(G98="","",IFERROR(INDEX('Người sử dụng'!$H$5:$H$140,MATCH(G98,'Người sử dụng'!$C$5:$C$140,0)),"Chưa có trong DS"))} -> Đang làm | J98: Chủ sở hữu / Admin | N98: Quang Nguyên | O98: Tự tạo | Q98: Chạy ads
A99: =IF(C99="","",ROW()-5) -> 94 | B99: =IF(C99="","","ADS-"&TEXT(ROW()-5,"000")) -> ADS-094 | C99: Page | E99: Page HN | F99: https://www.facebook.com/profile.php?id=61572368999279&locale=vi_VN | G99: NGUYỄN QUANG NGUYÊN | H99: M043NGUYEN | I99: {=IF(G99="","",IFERROR(INDEX('Người sử dụng'!$H$5:$H$140,MATCH(G99,'Người sử dụng'!$C$5:$C$140,0)),"Chưa có trong DS"))} -> Đang làm | J99: Chủ sở hữu / Admin | N99: Quang Nguyên | O99: Tự tạo | Q99: Chạy ads
A100: =IF(C100="","",ROW()-5) -> 95 | B100: =IF(C100="","","ADS-"&TEXT(ROW()-5,"000")) -> ADS-095 | C100: Page | E100: Page HN | F100: https://www.facebook.com/profile.php?id=61589769834525&locale=vi_VN | G100: NGUYỄN QUANG NGUYÊN | H100: M043NGUYEN | I100: {=IF(G100="","",IFERROR(INDEX('Người sử dụng'!$H$5:$H$140,MATCH(G100,'Người sử dụng'!$C$5:$C$140,0)),"Chưa có trong DS"))} -> Đang làm | J100: Chủ sở hữu / Admin | N100: Quang Nguyên | O100: Tự tạo | Q100: Chạy ads
A101: =IF(C101="","",ROW()-5) -> 96 | B101: =IF(C101="","","ADS-"&TEXT(ROW()-5,"000")) -> ADS-096 | C101: Page | E101: Page HN | F101: https://www.facebook.com/profile.php?id=61589186616873&locale=vi_VN | G101: NGUYỄN QUANG NGUYÊN | H101: M043NGUYEN | I101: {=IF(G101="","",IFERROR(INDEX('Người sử dụng'!$H$5:$H$140,MATCH(G101,'Người sử dụng'!$C$5:$C$140,0)),"Chưa có trong DS"))} -> Đang làm | J101: Chủ sở hữu / Admin | N101: Quang Nguyên | O101: Tự tạo | Q101: Chạy ads
A102: =IF(C102="","",ROW()-5) -> 97 | B102: =IF(C102="","","ADS-"&TEXT(ROW()-5,"000")) -> ADS-097 | C102: Page | E102: Page HN | F102: https://www.facebook.com/profile.php?id=61594800494484 | G102: NGUYỄN QUANG NGUYÊN | H102: M043NGUYEN | I102: {=IF(G102="","",IFERROR(INDEX('Người sử dụng'!$H$5:$H$140,MATCH(G102,'Người sử dụng'!$C$5:$C$140,0)),"Chưa có trong DS"))} -> Đang làm | J102: Chủ sở hữu / Admin | N102: Quang Nguyên | O102: Tự tạo | Q102: Chạy ads
A103: =IF(C103="","",ROW()-5) -> 98 | B103: =IF(C103="","","ADS-"&TEXT(ROW()-5,"000")) -> ADS-098 | C103: Page | E103: Page HN | F103: https://www.facebook.com/bacsitien.apexmed.Tantrangtieuevatoandien/ | G103: NGUYỄN QUANG NGUYÊN | H103: M043NGUYEN | I103: {=IF(G103="","",IFERROR(INDEX('Người sử dụng'!$H$5:$H$140,MATCH(G103,'Người sử dụng'!$C$5:$C$140,0)),"Chưa có trong DS"))} -> Đang làm | J103: Chủ sở hữu / Admin | N103: Quang Nguyên | O103: Tự tạo | Q103: Chạy ads
A104: =IF(C104="","",ROW()-5) -> 99 | B104: =IF(C104="","","ADS-"&TEXT(ROW()-5,"000")) -> ADS-099 | C104: Via | D104: 100003841588182 | E104: via set ads | F104: https://www.facebook.com/federico.valdezabadia/ | G104: NGUYỄN QUANG NGUYÊN | H104: M043NGUYEN | I104: {=IF(G104="","",IFERROR(INDEX('Người sử dụng'!$H$5:$H$140,MATCH(G104,'Người sử dụng'!$C$5:$C$140,0)),"Chưa có trong DS"))} -> Đang làm | J104: Chủ sở hữu / Admin | M104: Có | N104: Quang Nguyên | O104: Công ty cấp | Q104: Chạy ads
A105: =IF(C105="","",ROW()-5) -> 100 | B105: =IF(C105="","","ADS-"&TEXT(ROW()-5,"000")) -> ADS-100 | C105: TKQC | D105: 306029148150088 | E105: tài khoản quảng cáo | G105: NGUYỄN QUANG NGUYÊN | H105: M043NGUYEN | I105: {=IF(G105="","",IFERROR(INDEX('Người sử dụng'!$H$5:$H$140,MATCH(G105,'Người sử dụng'!$C$5:$C$140,0)),"Chưa có trong DS"))} -> Đang làm | J105: Nhà quảng cáo | O105: Công ty cấp | Q105: Chạy ads
C106: TKQC | D106: 474987350925177 | E106: tài khoản quảng cáo | G106: NGUYỄN QUANG NGUYÊN | H106: M043NGUYEN | J106: Nhà quảng cáo | O106: Công ty cấp | Q106: Chạy ads
A107: =IF(C107="","",ROW()-5) -> 102 | B107: =IF(C107="","","ADS-"&TEXT(ROW()-5,"000")) -> ADS-102 | C107: TKQC | D107: 9248821735192066 | E107: tài khoản quảng cáo | G107: NGUYỄN QUANG NGUYÊN | H107: M043NGUYEN | I107: {=IF(G107="","",IFERROR(INDEX('Người sử dụng'!$H$5:$H$140,MATCH(G107,'Người sử dụng'!$C$5:$C$140,0)),"Chưa có trong DS"))} -> Đang làm | J107: Nhà quảng cáo | O107: Công ty cấp | Q107: Chạy ads
C108: TKQC | D108: 1677414459762912 | E108: tài khoản quảng cáo | G108: NGUYỄN QUANG NGUYÊN | H108: M043NGUYEN | J108: Nhà quảng cáo | O108: Công ty cấp | Q108: Chạy ads
C109: TKQC | D109: 301252641835819 | E109: tài khoản quảng cáo | G109: NGUYỄN QUANG NGUYÊN | H109: M043NGUYEN | J109: Nhà quảng cáo | O109: Công ty cấp | Q109: Chạy ads
C110: TKQC | D110: 325789822808507 | E110: tài khoản quảng cáo | G110: NGUYỄN QUANG NGUYÊN | H110: M043NGUYEN | J110: Nhà quảng cáo | O110: Công ty cấp | Q110: Chạy ads
C111: TKQC | D111: 455700209555221 | E111: tài khoản quảng cáo | G111: NGUYỄN QUANG NGUYÊN | H111: M043NGUYEN | J111: Nhà quảng cáo | O111: Công ty cấp | Q111: Chạy ads
C112: TKQC | D112: 1312469570771780 | E112: tài khoản quảng cáo | G112: NGUYỄN QUANG NGUYÊN | H112: M043NGUYEN | J112: Nhà quảng cáo | O112: Công ty cấp | Q112: Chạy ads
C113: TKQC | D113: 1672855350196786 | E113: tài khoản quảng cáo | G113: NGUYỄN QUANG NGUYÊN | H113: M043NGUYEN | J113: Nhà quảng cáo | O113: Công ty cấp | Q113: Chạy ads
C114: TKQC | D114: 930054070980885 | E114: tài khoản quảng cáo | G114: NGUYỄN QUANG NGUYÊN | H114: M043NGUYEN | J114: Nhà quảng cáo | O114: Công ty cấp | Q114: Chạy ads
C115: TKQC | D115: 669162060754338 | E115: tài khoản quảng cáo | G115: NGUYỄN QUANG NGUYÊN | H115: M043NGUYEN | J115: Nhà quảng cáo | O115: Công ty cấp | Q115: Chạy ads
C116: TKQC | D116: 290766043035073 | E116: tài khoản quảng cáo | G116: NGUYỄN QUANG NGUYÊN | H116: M043NGUYEN | J116: Nhà quảng cáo | O116: Công ty cấp | Q116: Chạy ads
C117: TKQC | D117: 1298668251591315 | E117: tài khoản quảng cáo | G117: NGUYỄN QUANG NGUYÊN | H117: M043NGUYEN | J117: Nhà quảng cáo | O117: Công ty cấp | Q117: Chạy ads
C118: TKQC | D118: 1158298491578793 | E118: tài khoản quảng cáo | G118: NGUYỄN QUANG NGUYÊN | H118: M043NGUYEN | J118: Nhà quảng cáo | O118: Công ty cấp | Q118: Chạy ads
C119: TKQC | D119: 4940103522700201 | E119: tài khoản quảng cáo | G119: NGUYỄN QUANG NGUYÊN | H119: M043NGUYEN | J119: Nhà quảng cáo | O119: Công ty cấp | Q119: Chạy ads
... C126: TKQC | D126: 979337367939724 | E126: tài khoản quảng cáo | G126: NGUYỄN QUANG NGUYÊN | H126: M043NGUYEN | J126: Nhà quảng cáo | O126: Công ty cấp | Q126: Chạy ads
C127: AI | D127: qngpi3896@gmail.com | E127: Chatgpt | G127: NGUYỄN QUANG NGUYÊN | H127: M043NGUYEN | J127: Chủ tài khoản (Via/AI) | N127: Quang Nguyên | O127: Tự tạo | Q127: Chạy ads
A134: =IF(C134="","",ROW()-5) -> 129 | B134: =IF(C134="","","ADS-"&TEXT(ROW()-5,"000")) -> ADS-129 | C134: TKQC | D134: 987413660488639 | E134: TKQC | G134: VƯƠNG ANH ĐỨC | H134: M046DUC | I134: {=IF(G134="","",IFERROR(INDEX('Người sử dụng'!$H$5:$H$140,MATCH(G134,'Người sử dụng'!$C$5:$C$140,0)),"Chưa có trong DS"))} -> Đang làm | J134: Nhà quảng cáo | O134: Công ty cấp | Q134: Chạy ads | R134: Đã bàn giao
A135: =IF(C135="","",ROW()-5) -> 130 | B135: =IF(C135="","","ADS-"&TEXT(ROW()-5,"000")) -> ADS-130 | C135: TKQC | D135: 1984972729077134 | E135: TKQC | G135: VƯƠNG ANH ĐỨC | H135: M046DUC | I135: {=IF(G135="","",IFERROR(INDEX('Người sử dụng'!$H$5:$H$140,MATCH(G135,'Người sử dụng'!$C$5:$C$140,0)),"Chưa có trong DS"))} -> Đang làm | J135: Nhà quảng cáo | O135: Công ty cấp | Q135: Chạy ads | R135: Đã bàn giao
A136: =IF(C136="","",ROW()-5) -> 131 | B136: =IF(C136="","","ADS-"&TEXT(ROW()-5,"000")) -> ADS-131 | C136: TKQC | D136: 1495921985598132 | E136: TKQC | G136: VƯƠNG ANH ĐỨC | H136: M046DUC | I136: {=IF(G136="","",IFERROR(INDEX('Người sử dụng'!$H$5:$H$140,MATCH(G136,'Người sử dụng'!$C$5:$C$140,0)),"Chưa có trong DS"))} -> Đang làm | J136: Nhà quảng cáo | O136: Công ty cấp | Q136: Chạy ads | R136: Đã bàn giao
A137: =IF(C137="","",ROW()-5) -> 132 | B137: =IF(C137="","","ADS-"&TEXT(ROW()-5,"000")) -> ADS-132 | C137: TKQC | D137: 4449588958664026 | E137: TKQC | G137: VƯƠNG ANH ĐỨC | H137: M046DUC | I137: {=IF(G137="","",IFERROR(INDEX('Người sử dụng'!$H$5:$H$140,MATCH(G137,'Người sử dụng'!$C$5:$C$140,0)),"Chưa có trong DS"))} -> Đang làm | J137: Nhà quảng cáo | O137: Công ty cấp | Q137: Chạy ads | R137: Đã bàn giao
A138: =IF(C138="","",ROW()-5) -> 133 | B138: =IF(C138="","","ADS-"&TEXT(ROW()-5,"000")) -> ADS-133 | C138: TKQC | D138: 2156723278448283 | E138: TKQC | G138: VƯƠNG ANH ĐỨC | H138: M046DUC | I138: {=IF(G138="","",IFERROR(INDEX('Người sử dụng'!$H$5:$H$140,MATCH(G138,'Người sử dụng'!$C$5:$C$140,0)),"Chưa có trong DS"))} -> Đang làm | J138: Nhà quảng cáo | O138: Công ty cấp | Q138: Chạy ads | R138: Đã bàn giao
...

Sheet Biên Tập
A1: KHAI BÁO TÀI NGUYÊN SỐ – BAN BIÊN TẬP
A2: Người khai báo: | E2: Ngày khai báo:
A3: Lưu ý: KHÔNG ghi mật khẩu. Ô xanh nhạt = ban điền · Cột xám = tự tính · Cột hồng = Phòng Tài nguyên điền. Người được bàn giao phải có trong tab "Người sử dụng".
A4: THÔNG TIN TÀI NGUYÊN (ban tự khai) | T4: TRẠNG THÁI THEO THÁNG (Phòng Tài nguyên cập nhật khi rà soát)
A5: STT | B5: Mã tài nguyên | C5: Loại tài nguyên | D5: ID tài nguyên | E5: Tên tài nguyên | F5: Link | G5: Người được bàn giao (đang quản lý) | H5: Mã NV | I5: Trạng thái người dùng | J5: Quyền đang có | K5: Email đăng ký | L5: SĐT đăng ký | M5: Bảo mật 2 lớp | N5: Ai đang giữ mã 2 lớp | O5: Nguồn gốc | P5: Ngày bắt đầu dùng | Q5: Mục đích sử dụng | R5: Bàn giao về Tài nguyên | S5: Ghi chú | T5: T10/2026 | U5: T11/2026 | V5: T12/2026 | W5: T01/2027 | X5: T02/2027 | Y5: T03/2027 | Z5: T04/2027 | AA5: T05/2027 | AB5: T06/2027 | AC5: T07/2027 | AD5: T08/2027 | AE5: T09/2027
A6: =IF(C6="","",ROW()-5) -> 1 | B6: =IF(C6="","","BT-"&TEXT(ROW()-5,"000")) -> BT-001 | C6: AI | H6: {=IFERROR(_xlfn.XLOOKUP(G6:G1000,'Người sử dụng'!$C$4:$C1000,'Người sử dụng'!$B$4:$B1000),"")} | I6: {=IF(G6="","",IFERROR(INDEX('Người sử dụng'!$H$5:$H$140,MATCH(G6,'Người sử dụng'!$C$5:$C$140,0)),"Chưa có trong DS"))}
A7: =IF(C7="","",ROW()-5) | B7: =IF(C7="","","BT-"&TEXT(ROW()-5,"000")) | I7: {=IF(G7="","",IFERROR(INDEX('Người sử dụng'!$H$5:$H$140,MATCH(G7,'Người sử dụng'!$C$5:$C$140,0)),"Chưa có trong DS"))}
A8: =IF(C8="","",ROW()-5) | B8: =IF(C8="","","BT-"&TEXT(ROW()-5,"000")) | I8: {=IF(G8="","",IFERROR(INDEX('Người sử dụng'!$H$5:$H$140,MATCH(G8,'Người sử dụng'!$C$5:$C$140,0)),"Chưa có trong DS"))}
A9: =IF(C9="","",ROW()-5) | B9: =IF(C9="","","BT-"&TEXT(ROW()-5,"000")) | I9: {=IF(G9="","",IFERROR(INDEX('Người sử dụng'!$H$5:$H$140,MATCH(G9,'Người sử dụng'!$C$5:$C$140,0)),"Chưa có trong DS"))}
A10: =IF(C10="","",ROW()-5) | B10: =IF(C10="","","BT-"&TEXT(ROW()-5,"000")) | I10: {=IF(G10="","",IFERROR(INDEX('Người sử dụng'!$H$5:$H$140,MATCH(G10,'Người sử dụng'!$C$5:$C$140,0)),"Chưa có trong DS"))}
A11: =IF(C11="","",ROW()-5) | B11: =IF(C11="","","BT-"&TEXT(ROW()-5,"000")) | I11: {=IF(G11="","",IFERROR(INDEX('Người sử dụng'!$H$5:$H$140,MATCH(G11,'Người sử dụng'!$C$5:$C$140,0)),"Chưa có trong DS"))}
A12: =IF(C12="","",ROW()-5) | B12: =IF(C12="","","BT-"&TEXT(ROW()-5,"000")) | I12: {=IF(G12="","",IFERROR(INDEX('Người sử dụng'!$H$5:$H$140,MATCH(G12,'Người sử dụng'!$C$5:$C$140,0)),"Chưa có trong DS"))}
A13: =IF(C13="","",ROW()-5) | B13: =IF(C13="","","BT-"&TEXT(ROW()-5,"000")) | I13: {=IF(G13="","",IFERROR(INDEX('Người sử dụng'!$H$5:$H$140,MATCH(G13,'Người sử dụng'!$C$5:$C$140,0)),"Chưa có trong DS"))}
A14: =IF(C14="","",ROW()-5) | B14: =IF(C14="","","BT-"&TEXT(ROW()-5,"000")) | I14: {=IF(G14="","",IFERROR(INDEX('Người sử dụng'!$H$5:$H$140,MATCH(G14,'Người sử dụng'!$C$5:$C$140,0)),"Chưa có trong DS"))}
A15: =IF(C15="","",ROW()-5) | B15: =IF(C15="","","BT-"&TEXT(ROW()-5,"000")) | I15: {=IF(G15="","",IFERROR(INDEX('Người sử dụng'!$H$5:$H$140,MATCH(G15,'Người sử dụng'!$C$5:$C$140,0)),"Chưa có trong DS"))}
A16: =IF(C16="","",ROW()-5) | B16: =IF(C16="","","BT-"&TEXT(ROW()-5,"000")) | I16: {=IF(G16="","",IFERROR(INDEX('Người sử dụng'!$H$5:$H$140,MATCH(G16,'Người sử dụng'!$C$5:$C$140,0)),"Chưa có trong DS"))}
A17: =IF(C17="","",ROW()-5) | B17: =IF(C17="","","BT-"&TEXT(ROW()-5,"000")) | I17: {=IF(G17="","",IFERROR(INDEX('Người sử dụng'!$H$5:$H$140,MATCH(G17,'Người sử dụng'!$C$5:$C$140,0)),"Chưa có trong DS"))}
A18: =IF(C18="","",ROW()-5) | B18: =IF(C18="","","BT-"&TEXT(ROW()-5,"000")) | I18: {=IF(G18="","",IFERROR(INDEX('Người sử dụng'!$H$5:$H$140,MATCH(G18,'Người sử dụng'!$C$5:$C$140,0)),"Chưa có trong DS"))}
... A205: =IF(C205="","",ROW()-5) | B205: =IF(C205="","","BT-"&TEXT(ROW()-5,"000")) | I205: {=IF(G205="","",IFERROR(INDEX('Người sử dụng'!$H$5:$H$140,MATCH(G205,'Người sử dụng'!$C$5:$C$140,0)),"Chưa có trong DS"))}

Sheet Thiết Kế
A1: KHAI BÁO TÀI NGUYÊN SỐ – BAN THIẾT KẾ
A2: Người khai báo: | E2: Ngày khai báo:
A3: Lưu ý: KHÔNG ghi mật khẩu. Ô xanh nhạt = ban điền · Cột xám = tự tính · Cột hồng = Phòng Tài nguyên điền. Người được bàn giao phải có trong tab "Người sử dụng".
A4: THÔNG TIN TÀI NGUYÊN (ban tự khai) | T4: TRẠNG THÁI THEO THÁNG (Phòng Tài nguyên cập nhật khi rà soát)
A5: STT | B5: Mã tài nguyên | C5: Loại tài nguyên | D5: ID tài nguyên | E5: Tên tài nguyên | F5: Link | G5: Người được bàn giao (đang quản lý) | H5: Mã NV | I5: Trạng thái người dùng | J5: Quyền đang có | K5: Email đăng ký | L5: SĐT đăng ký | M5: Bảo mật 2 lớp | N5: Ai đang giữ mã 2 lớp | O5: Nguồn gốc | P5: Ngày bắt đầu dùng | Q5: Mục đích sử dụng | R5: Bàn giao về Tài nguyên | S5: Ghi chú | T5: T10/2026 | U5: T11/2026 | V5: T12/2026 | W5: T01/2027 | X5: T02/2027 | Y5: T03/2027 | Z5: T04/2027 | AA5: T05/2027 | AB5: T06/2027 | AC5: T07/2027 | AD5: T08/2027 | AE5: T09/2027
A6: 1 | B6: =IF(C6="","","MD-"&TEXT(ROW()-5,"000")) -> MD-001 | C6: Magnific | E6: Tài khoản Magnific | F6: https://www.magnific.com/ | G6: MAI TÙNG LONG | H6: {=IFERROR(_xlfn.XLOOKUP(G6:G1000,'Người sử dụng'!$C$4:$C1000,'Người sử dụng'!$B$4:$B1000),"")} -> E051LONG | I6: {=IF(G6="","",IFERROR(INDEX('Người sử dụng'!$H$5:$H$140,MATCH(G6,'Người sử dụng'!$C$5:$C$140,0)),"Chưa có trong DS"))} -> Đang làm | J6: Được chia sẻ dùng chung | K6: huyngotrong.gtg@gmail.com | L6: 0963 95 6336 | M6: Có | N6: Ngô Trọng Huy | O6: Mua ngoài | P6: 46120 | Q6: TK AI phục vụ thiết kế | R6: Chưa bàn giao | S6: được share từ tài khoản của Ngô Trọng Huy đăng ký
A7: =IF(C7="","",ROW()-5) -> 2 | B7: =IF(C7="","","TK-"&TEXT(ROW()-5,"000")) -> TK-002 | C7: Webcake | E7: Tài khoản webcake | F7: https://webcake.io/ | G7: MAI TÙNG LONG | H7: E051LONG | I7: {=IF(G6="","",IFERROR(INDEX('Người sử dụng'!$H$5:$H$140,MATCH(G6,'Người sử dụng'!$C$5:$C$140,0)),"Chưa có trong DS"))} -> Đang làm | J7: Chủ sở hữu / Admin | K7: tpmediagtg@gmail.com | L7: 0963786970 | M7: Có | N7: Mai Tùng Long | O7: Công ty cấp | P7: 46280 | Q7: TK dựng và quản trị website | R7: Chưa bàn giao
A8: 3 | B8: =IF(C9="","","TK-"&TEXT(ROW()-5,"000")) -> TK-003 | C8: CapCut | E8: Tài khoản Capcut | F8: https://www.capcut.com/my-cloud/7325701873405722626?enter_from=page_header&from_page=work_space&tab=all | G8: MAI TÙNG LONG | H8: E051LONG | I8: {=IF(G6="","",IFERROR(INDEX('Người sử dụng'!$H$5:$H$140,MATCH(G6,'Người sử dụng'!$C$5:$C$140,0)),"Chưa có trong DS"))} -> Đang làm | J8: Được chia sẻ dùng chung | K8: design.longsuhao@gmail.com | O8: Công ty cấp | P8: 46286 | Q8: Dựng video sinh nhật | R8: Chưa bàn giao | S8: được team PR share tài khoản team cho sử dụng
A9: =IF(C9="","",ROW()-5) -> 4 | B9: =IF(C9="","","TK-"&TEXT(ROW()-5,"000")) -> TK-004 | C9: Figma | E9: Tài khoản Figma Edu | F9: http://figma.com/ | G9: MAI TÙNG LONG | H9: E051LONG | I9: {=IF(G6="","",IFERROR(INDEX('Người sử dụng'!$H$5:$H$140,MATCH(G6,'Người sử dụng'!$C$5:$C$140,0)),"Chưa có trong DS"))} -> Đang làm | J9: Chủ sở hữu / Admin | K9: design.longsuhao@gmail.com | L9: 0963786970 | M9: Có | N9: Mai Tùng Long | O9: Tự tạo | P9: 45925 | Q9: TK Website, TK menu online, TK Landing page, quản lý các menu trực tuyến hiện đã hết hạn nên không có chức năng làm việc nhóm và publish link web | R9: Chưa bàn giao | S9: tài khoản cá nhân mua
A10: 5 | B10: =IF(C10="","","TK-"&TEXT(ROW()-5,"000")) -> TK-005 | C10: Adobe | E10: Tài khoản Adobe Full Apps | F10: https://www.adobe.com/ | G10: MAI TÙNG LONG | H10: E051LONG | I10: {=IF(G6="","",IFERROR(INDEX('Người sử dụng'!$H$5:$H$140,MATCH(G6,'Người sử dụng'!$C$5:$C$140,0)),"Chưa có trong DS"))} -> Đang làm | J10: Chủ sở hữu / Admin | K10: design.longsuhao@gmail.com | L10: 0963786970 | M10: Có | N10: Mai Tùng Long | O10: Tự tạo | P10: 46161 | Q10: Làm tất cả các cv của Media | R10: Chưa bàn giao | S10: tài khoản cá nhân mua
A11: 6 | B11: =IF(C11="","","TK-"&TEXT(ROW()-5,"000")) -> TK-006 | C11: Sketchup | E11: Tài khoản Sketchup Pro | F11: https://sketchup.trimble.com/en/plans-and-pricing/sketchup-free?srsltid=AU7gw4WCNkWFgenwqy5I9xRXLmwp3M4kfrzNjjeWAVz8P_XsmzWGdyF3 | G11: MAI TÙNG LONG | H11: E051LONG | I11: {=IF(G11="","",IFERROR(INDEX('Người sử dụng'!$H$5:$H$140,MATCH(G11,'Người sử dụng'!$C$5:$C$140,0)),"Chưa có trong DS"))} -> Đang làm | J11: Chủ sở hữu / Admin | K11: tpmediagtg@gmail.com | L11: 0963786970 | M11: Có | N11: Mai Tùng Long | O11: Công ty cấp | P11: 46217 | Q11: TK dựng 3d và làm kiến trúc | R11: Chưa bàn giao
A13: 7 | B13: =IF(C6="","","MD-"&TEXT(ROW()-5,"000")) -> MD-008 | C13: Magnific | E13: Tài khoản Magnific | F13: https://www.magnific.com/ | G13: NGUYỄN MẠNH TĂNG | H13: E068TANG | I13: {=IF(G7="","",IFERROR(INDEX('Người sử dụng'!$H$5:$H$140,MATCH(G7,'Người sử dụng'!$C$5:$C$140,0)),"Chưa có trong DS"))} -> Đang làm | J13: Được chia sẻ dùng chung | K13: gtgmedia.freepik@gmail.com | L13: 0934546727 | M13: Có | N13: Hồ Chí Nam | O13: Công ty cấp | P13: 46120 | Q13: TK AI phục vụ thiết kế | R13: Chưa bàn giao | S13: được share từ tài khoản của Hồ Chí Nam đăng ký
A14: 8 | B14: =IF(C9="","","TK-"&TEXT(ROW()-5,"000")) -> TK-009 | C14: CapCut | E14: Tài khoản Capcut | F14: https://www.capcut.com/ | G14: NGUYỄN MẠNH TĂNG | H14: E068TANG | I14: {=IF(G14="","",IFERROR(INDEX('Người sử dụng'!$H$5:$H$140,MATCH(G14,'Người sử dụng'!$C$5:$C$140,0)),"Chưa có trong DS"))} -> Đang làm | J14: Chủ sở hữu / Admin | K14: nmtang02@gmail.com | M14: Có | O14: Tự tạo | Q14: Dựng video | R14: Chưa bàn giao | S14: tài khoản cá nhân mua
A15: 9 | B15: =IF(C10="","","TK-"&TEXT(ROW()-5,"000")) -> TK-010 | C15: Adobe | E15: Tài khoản Adobe Full Apps | F15: https://www.adobe.com/ | G15: NGUYỄN MẠNH TĂNG | H15: E068TANG | I15: {=IF(G15="","",IFERROR(INDEX('Người sử dụng'!$H$5:$H$140,MATCH(G15,'Người sử dụng'!$C$5:$C$140,0)),"Chưa có trong DS"))} -> Đang làm | J15: Được chia sẻ dùng chung | K15: media004.26@gmail.com | L15: 0337602259 | M15: Có | N15: Hồ Chí Nam | O15: Công ty cấp | P15: 46227 | Q15: Làm Media cho công ty | R15: Chưa bàn giao | S15: SĐT 2 bước: 0934546727 Mail khôi phục: hcns.gtg@gmail.com SĐT khôi phục: 0386894526 (Phương Ly) Nhân sự sử dụng: Mạnh Tăng / Thái Bảo
A16: 10 | B16: =IF(C16="","","TK-"&TEXT(ROW()-5,"000")) | I16: {=IF(G16="","",IFERROR(INDEX('Người sử dụng'!$H$5:$H$140,MATCH(G16,'Người sử dụng'!$C$5:$C$140,0)),"Chưa có trong DS"))}
A17: 11 | B17: =IF(C17="","","TK-"&TEXT(ROW()-5,"000")) -> TK-012 | C17: Magnific | E17: Tài khoản Magnific | F17: https://www.magnific.com/ | G17: NGUYỄN THỊ TRANG | H17: E067TRANG | I17: {=IF(G17="","",IFERROR(INDEX('Người sử dụng'!$H$5:$H$140,MATCH(G17,'Người sử dụng'!$C$5:$C$140,0)),"Chưa có trong DS"))} -> Đang làm | J17: Được chia sẻ dùng chung | K17: huyngotrong.gtg@gmail.com | L17: 0963 95 6336 | M17: Có | N17: Ngô Trọng Huy | O17: Mua ngoài | P17: 46143 | Q17: TK AI phục vụ thiết kế | R17: Chưa bàn giao | S17: được share từ tài khoản của Ngô Trọng Huy đăng ký
A18: 12 | B18: =IF(C18="","","TK-"&TEXT(ROW()-5,"000")) -> TK-013 | C18: Adobe | E18: Tài khoản Adobe Full Apps | F18: https://www.adobe.com/ | G18: NGUYỄN THỊ TRANG | H18: E067TRANG | I18: {=IF(G18="","",IFERROR(INDEX('Người sử dụng'!$H$5:$H$140,MATCH(G18,'Người sử dụng'!$C$5:$C$140,0)),"Chưa có trong DS"))} -> Đang làm | J18: Được chia sẻ dùng chung | K18: media002.26@gmail.com | M18: Có | N18: Hồ Chí Nam | O18: Công ty cấp | P18: 46143 | Q18: Làm Media cho công ty | R18: Chưa bàn giao | S18: SĐT 2 bước: 0934546727 Mail khôi phục: hcns.gtg@gmail.com SĐT khôi phục: 0934546727 Nhân sự sử dụng: Nguyễn Thị Trang / Kiều Trang
A19: 13 | B19: =IF(C19="","","TK-"&TEXT(ROW()-5,"000")) -> TK-014 | C19: CapCut | E19: Tài khoản Capcut | F19: https://www.capcut.com/ | G19: NGUYỄN THỊ TRANG | H19: E067TRANG | I19: {=IF(G19="","",IFERROR(INDEX('Người sử dụng'!$H$5:$H$140,MATCH(G19,'Người sử dụng'!$C$5:$C$140,0)),"Chưa có trong DS"))} -> Đang làm | J19: Chủ sở hữu / Admin | K19: trangdesign0403@gmail.com | M19: Có | N19: Nguyễn Thị Trang | O19: Tự tạo | P19: 46266 | Q19: Dựng video | R19: Chưa bàn giao | S19: tài khoản cá nhân mua
A20: 14 | B20: =IF(C20="","","TK-"&TEXT(ROW()-5,"000")) | I20: {=IF(G20="","",IFERROR(INDEX('Người sử dụng'!$H$5:$H$140,MATCH(G20,'Người sử dụng'!$C$5:$C$140,0)),"Chưa có trong DS"))}
A21: 15 | B21: =IF(C21="","","TK-"&TEXT(ROW()-5,"000")) -> TK-016 | C21: Magnific | E21: Tài khoản Magnific | F21: https://www.magnific.com/ | G21: NGUYỄN HOÀNG HẢI | H21: E061HAI | I21: {=IF(G21="","",IFERROR(INDEX('Người sử dụng'!$H$5:$H$140,MATCH(G21,'Người sử dụng'!$C$5:$C$140,0)),"Chưa có trong DS"))} -> Đang làm | J21: Được chia sẻ dùng chung | K21: huyngotrong.gtg@gmail.com | L21: 0963956336 | M21: Có | N21: Ngô Trọng Huy | O21: Mua ngoài | P21: 46080 | Q21: TK AI phục vụ thiết kế | R21: Chưa bàn giao | S21: được share từ tài khoản của Ngô Trọng Huy đăng ký
A22: =IF(C27="","",ROW()-5) -> 17 | B22: =IF(C22="","","TK-"&TEXT(ROW()-5,"000")) -> TK-017 | C22: Adobe | E22: Tài khoản Adobe Full Apps | F22: https://www.adobe.com/ | G22: NGUYỄN HOÀNG HẢI | H22: E061HAI | I22: {=IF(G22="","",IFERROR(INDEX('Người sử dụng'!$H$5:$H$140,MATCH(G22,'Người sử dụng'!$C$5:$C$140,0)),"Chưa có trong DS"))} -> Đang làm | J22: Được chia sẻ dùng chung | K22: media001.26@gmail.com | L22: 0975573836 | M22: Có | N22: Hồ Chí Nam | O22: Công ty cấp | P22: 46194 | Q22: Làm Media cho công ty | R22: Chưa bàn giao | S22: SĐT 2 bước: 0934546727 Mail khôi phục: hcns.gtg@gmail.com SĐT khôi phục: 0386894526 (Phương Ly) Nhân sự sử dụng: Hoàng Hải / Minh Đức
A23: 17 | B23: =IF(C23="","","TK-"&TEXT(ROW()-5,"000")) | I23: {=IF(G23="","",IFERROR(INDEX('Người sử dụng'!$H$5:$H$140,MATCH(G23,'Người sử dụng'!$C$5:$C$140,0)),"Chưa có trong DS"))}
A24: 18 | B24: =IF(C24="","","TK-"&TEXT(ROW()-5,"000")) -> TK-019 | C24: Magnific | E24: Tài khoản Magnific | F24: https://www.magnific.com/ | G24: ĐỖ THÚY ANH | H24: E065ANH | I24: {=IF(G24="","",IFERROR(INDEX('Người sử dụng'!$H$5:$H$140,MATCH(G24,'Người sử dụng'!$C$5:$C$140,0)),"Chưa có trong DS"))} -> Đang làm | J24: Được chia sẻ dùng chung | K24: gtgmedia.freepik@gmail.com | L24: 0934546727 | M24: Có | N24: Hồ Chí Nam | O24: Công ty cấp | P24: 46123 | Q24: TK AI phục vụ thiết kế | R24: Chưa bàn giao | S24: được share từ tài khoản của Hồ Chí Nam đăng ký
A25: 19 | B25: =IF(C25="","","TK-"&TEXT(ROW()-5,"000")) -> TK-020 | C25: Adobe | E25: Tài khoản Adobe Full Apps | F25: https://www.adobe.com/ | G25: ĐỖ THÚY ANH | H25: E065ANH | I25: {=IF(G25="","",IFERROR(INDEX('Người sử dụng'!$H$5:$H$140,MATCH(G25,'Người sử dụng'!$C$5:$C$140,0)),"Chưa có trong DS"))} -> Đang làm | J25: Được chia sẻ dùng chung | K25: media005.26@gmail.com | M25: Có | N25: Hồ Chí Nam | O25: Công ty cấp | P25: 46224 | Q25: Làm Media cho công ty | R25: Chưa bàn giao | S25: SĐT 2 bước: 0934546727 Mail khôi phục: hcns.gtg@gmail.com SĐT khôi phục: 0386894526 (Phương Ly) Nhân sự sử dụng: Thúy Anh / Quý Hoàng
A26: 20 | B26: =IF(C26="","","TK-"&TEXT(ROW()-5,"000")) | I26: {=IF(G26="","",IFERROR(INDEX('Người sử dụng'!$H$5:$H$140,MATCH(G26,'Người sử dụng'!$C$5:$C$140,0)),"Chưa có trong DS"))}
A27: 21 | B27: =IF(C27="","","TK-"&TEXT(ROW()-5,"000")) -> TK-022 | C27: Magnific | E27: Tài khoản Magnific | F27: https://www.magnific.com/ | G27: NGUYỄN THỊ KIỀU TRANG | H27: E071TRANG | I27: {=IF(G27="","",IFERROR(INDEX('Người sử dụng'!$H$5:$H$140,MATCH(G27,'Người sử dụng'!$C$5:$C$140,0)),"Chưa có trong DS"))} -> Thử việc | J27: Được chia sẻ dùng chung | K27: huyngotrong.gtg@gmail.com | L27: 0963956336 | N27: Ngô Trọng Huy | O27: Mua ngoài | P27: 46300 | Q27: TK AI phục vụ thiết kế | R27: Chưa bàn giao | S27: được share từ tài khoản của Ngô Trọng Huy đăng ký
A28: 22 | B28: =IF(C28="","","TK-"&TEXT(ROW()-5,"000")) -> TK-023 | C28: Adobe | E28: Tài khoản Adobe Full Apps | F28: https://www.adobe.com/ | G28: NGUYỄN THỊ KIỀU TRANG | H28: E071TRANG | I28: {=IF(G28="","",IFERROR(INDEX('Người sử dụng'!$H$5:$H$140,MATCH(G28,'Người sử dụng'!$C$5:$C$140,0)),"Chưa có trong DS"))} -> Thử việc | J28: Được chia sẻ dùng chung | K28: media006.26@gmail.com | N28: Hồ Chí Nam | O28: Công ty cấp | P28: 46300 | Q28: Làm Media cho công ty | R28: Chưa bàn giao | S28: SĐT 2 bước: 0934546727 Mail khôi phục: hcns.gtg@gmail.com SĐT khôi phục: 0934546727 Nhân sự sử dụng: Nguyễn Thị Trang / Kiều Trang
A29: 23 | B29: =IF(C29="","","TK-"&TEXT(ROW()-5,"000")) | I29: {=IF(G29="","",IFERROR(INDEX('Người sử dụng'!$H$5:$H$140,MATCH(G29,'Người sử dụng'!$C$5:$C$140,0)),"Chưa có trong DS"))}
A30: =IF(C30="","",ROW()-5) | B30: =IF(C30="","","TK-"&TEXT(ROW()-5,"000")) | I30: {=IF(G30="","",IFERROR(INDEX('Người sử dụng'!$H$5:$H$140,MATCH(G30,'Người sử dụng'!$C$5:$C$140,0)),"Chưa có trong DS"))}
A31: =IF(C31="","",ROW()-5) | B31: =IF(C31="","","TK-"&TEXT(ROW()-5,"000")) | I31: {=IF(G31="","",IFERROR(INDEX('Người sử dụng'!$H$5:$H$140,MATCH(G31,'Người sử dụng'!$C$5:$C$140,0)),"Chưa có trong DS"))}
A32: =IF(C32="","",ROW()-5) | B32: =IF(C32="","","TK-"&TEXT(ROW()-5,"000")) | I32: {=IF(G32="","",IFERROR(INDEX('Người sử dụng'!$H$5:$H$140,MATCH(G32,'Người sử dụng'!$C$5:$C$140,0)),"Chưa có trong DS"))}
A33: =IF(C33="","",ROW()-5) | B33: =IF(C33="","","TK-"&TEXT(ROW()-5,"000")) | I33: {=IF(G33="","",IFERROR(INDEX('Người sử dụng'!$H$5:$H$140,MATCH(G33,'Người sử dụng'!$C$5:$C$140,0)),"Chưa có trong DS"))}
A34: =IF(C34="","",ROW()-5) | B34: =IF(C34="","","TK-"&TEXT(ROW()-5,"000")) | I34: {=IF(G34="","",IFERROR(INDEX('Người sử dụng'!$H$5:$H$140,MATCH(G34,'Người sử dụng'!$C$5:$C$140,0)),"Chưa có trong DS"))}
A35: =IF(C35="","",ROW()-5) | B35: =IF(C35="","","TK-"&TEXT(ROW()-5,"000")) | I35: {=IF(G35="","",IFERROR(INDEX('Người sử dụng'!$H$5:$H$140,MATCH(G35,'Người sử dụng'!$C$5:$C$140,0)),"Chưa có trong DS"))}
A36: =IF(C36="","",ROW()-5) | B36: =IF(C36="","","TK-"&TEXT(ROW()-5,"000")) | I36: {=IF(G36="","",IFERROR(INDEX('Người sử dụng'!$H$5:$H$140,MATCH(G36,'Người sử dụng'!$C$5:$C$140,0)),"Chưa có trong DS"))}
A37: =IF(C37="","",ROW()-5) | B37: =IF(C37="","","TK-"&TEXT(ROW()-5,"000")) | I37: {=IF(G37="","",IFERROR(INDEX('Người sử dụng'!$H$5:$H$140,MATCH(G37,'Người sử dụng'!$C$5:$C$140,0)),"Chưa có trong DS"))}
A38: =IF(C38="","",ROW()-5) | B38: =IF(C38="","","TK-"&TEXT(ROW()-5,"000")) | I38: {=IF(G38="","",IFERROR(INDEX('Người sử dụng'!$H$5:$H$140,MATCH(G38,'Người sử dụng'!$C$5:$C$140,0)),"Chưa có trong DS"))}
A39: =IF(C39="","",ROW()-5) | B39: =IF(C39="","","TK-"&TEXT(ROW()-5,"000")) | I39: {=IF(G39="","",IFERROR(INDEX('Người sử dụng'!$H$5:$H$140,MATCH(G39,'Người sử dụng'!$C$5:$C$140,0)),"Chưa có trong DS"))}
A40: =IF(C40="","",ROW()-5) | B40: =IF(C40="","","TK-"&TEXT(ROW()-5,"000")) | I40: {=IF(G40="","",IFERROR(INDEX('Người sử dụng'!$H$5:$H$140,MATCH(G40,'Người sử dụng'!$C$5:$C$140,0)),"Chưa có trong DS"))}
A41: =IF(C41="","",ROW()-5) | B41: =IF(C41="","","TK-"&TEXT(ROW()-5,"000")) | I41: {=IF(G41="","",IFERROR(INDEX('Người sử dụng'!$H$5:$H$140,MATCH(G41,'Người sử dụng'!$C$5:$C$140,0)),"Chưa có trong DS"))}
... A205: =IF(C205="","",ROW()-5) | B205: =IF(C205="","","TK-"&TEXT(ROW()-5,"000")) | I205: {=IF(G205="","",IFERROR(INDEX('Người sử dụng'!$H$5:$H$140,MATCH(G205,'Người sử dụng'!$C$5:$C$140,0)),"Chưa có trong DS"))}

Sheet Media Dựng
A1: KHAI BÁO TÀI NGUYÊN SỐ – BAN MEDIA DỰNG
A2: Người khai báo: | E2: Ngày khai báo:
A3: Lưu ý: KHÔNG ghi mật khẩu. Ô xanh nhạt = ban điền · Cột xám = tự tính · Cột hồng = Phòng Tài nguyên điền. Người được bàn giao phải có trong tab "Người sử dụng".
A4: THÔNG TIN TÀI NGUYÊN (ban tự khai) | T4: TRẠNG THÁI THEO THÁNG (Phòng Tài nguyên cập nhật khi rà soát)
A5: STT | B5: Mã tài nguyên | C5: Loại tài nguyên | D5: ID tài nguyên | E5: Tên tài nguyên | F5: Link | G5: Người được bàn giao (đang quản lý) | H5: Mã NV | I5: Trạng thái người dùng | J5: Quyền đang có | K5: Email đăng ký | L5: SĐT đăng ký | M5: Bảo mật 2 lớp | N5: Ai đang giữ mã 2 lớp | O5: Nguồn gốc | P5: Ngày bắt đầu dùng | Q5: Mục đích sử dụng | R5: Bàn giao về Tài nguyên | S5: Ghi chú | T5: T10/2026 | U5: T11/2026 | V5: T12/2026 | W5: T01/2027 | X5: T02/2027 | Y5: T03/2027 | Z5: T04/2027 | AA5: T05/2027 | AB5: T06/2027 | AC5: T07/2027 | AD5: T08/2027 | AE5: T09/2027
A6: =IF(C6="","",ROW()-5) -> 1 | B6: =IF(C6="","","MD-"&TEXT(ROW()-5,"000")) -> MD-001 | C6: Adobe | E6: Tài khoản Adobe Full Apps | F6: https://www.adobe.com/ | G6: HỒ CHÍ NAM | H6: {=IFERROR(_xlfn.XLOOKUP(G6:G1000,'Người sử dụng'!$C$4:$C1000,'Người sử dụng'!$B$4:$B1000),"")} -> E039NAM | I6: {=IF(G6="","",IFERROR(INDEX('Người sử dụng'!$H$5:$H$140,MATCH(G6,'Người sử dụng'!$C$5:$C$140,0)),"Chưa có trong DS"))} -> Đang làm | J6: Được chia sẻ dùng chung | K6: media001.26@gmail.com | L6: 0868856689 | M6: Có | N6: Hồ Chí Nam | O6: Công ty cấp | P6: 46227 | Q6: Làm Media cho công ty | R6: Chưa bàn giao | S6: SĐT 2 bước: 0934546727 Mail khôi phục: hcns.gtg@gmail.com SĐT khôi phục: 0386894526 (Phương Ly) Nhân sự sử dụng: Hoàng Hải / Minh Đức
A7: =A6+1 -> 2 | B7: =IF(C7="","","MD-"&TEXT(ROW()-5,"000")) -> MD-002 | C7: Adobe | E7: Tài khoản Adobe Full Apps | F7: https://www.adobe.com/ | G7: HỒ CHÍ NAM | H7: E039NAM | I7: {=IF(G7="","",IFERROR(INDEX('Người sử dụng'!$H$5:$H$140,MATCH(G7,'Người sử dụng'!$C$5:$C$140,0)),"Chưa có trong DS"))} -> Đang làm | J7: Được chia sẻ dùng chung | K7: media002.26@gmail.com | L7: 0329684073 | M7: Có | N7: Hồ Chí Nam | O7: Công ty cấp | P7: 46227 | Q7: Làm Media cho công ty | R7: Chưa bàn giao | S7: SĐT 2 bước: 0934546727 Mail khôi phục: hcns.gtg@gmail.com SĐT khôi phục: 0934546727 Nhân sự sử dụng: Nguyễn Thị Trang / Kiều Trang
A8: =A7+1 -> 3 | B8: =IF(C8="","","MD-"&TEXT(ROW()-5,"000")) -> MD-003 | C8: Adobe | E8: Tài khoản Adobe Full Apps | F8: https://www.adobe.com/ | G8: HỒ CHÍ NAM | H8: E039NAM | I8: {=IF(G8="","",IFERROR(INDEX('Người sử dụng'!$H$5:$H$140,MATCH(G8,'Người sử dụng'!$C$5:$C$140,0)),"Chưa có trong DS"))} -> Đang làm | J8: Được chia sẻ dùng chung | K8: media003.26@gmail.com | L8: 0975573836 | M8: Có | N8: Hồ Chí Nam | O8: Công ty cấp | P8: 46227 | Q8: Làm Media cho công ty | R8: Chưa bàn giao | S8: SĐT 2 bước: 0934546727 Mail khôi phục: hcns.gtg@gmail.com SĐT khôi phục: 0386894526 (Phương Ly) Nhân sự sử dụng: Mai Tùng Long
A9: =A8+1 -> 4 | B9: =IF(C9="","","MD-"&TEXT(ROW()-5,"000")) -> MD-004 | C9: Adobe | E9: Tài khoản Adobe Full Apps | F9: https://www.adobe.com/ | G9: HỒ CHÍ NAM | H9: E039NAM | I9: {=IF(G9="","",IFERROR(INDEX('Người sử dụng'!$H$5:$H$140,MATCH(G9,'Người sử dụng'!$C$5:$C$140,0)),"Chưa có trong DS"))} -> Đang làm | J9: Được chia sẻ dùng chung | K9: media004.26@gmail.com | L9: 0337602259 | M9: Có | N9: Hồ Chí Nam | O9: Công ty cấp | P9: 46227 | Q9: Làm Media cho công ty | R9: Chưa bàn giao | S9: SĐT 2 bước: 0934546727 Mail khôi phục: hcns.gtg@gmail.com SĐT khôi phục: 0386894526 (Phương Ly) Nhân sự sử dụng: Mạnh Tăng / Thái Bảo
A10: =A9+1 -> 5 | B10: =IF(C10="","","MD-"&TEXT(ROW()-5,"000")) -> MD-005 | C10: Adobe | E10: Tài khoản Adobe Full Apps | F10: https://www.adobe.com/ | G10: HỒ CHÍ NAM | H10: E039NAM | I10: {=IF(G10="","",IFERROR(INDEX('Người sử dụng'!$H$5:$H$140,MATCH(G10,'Người sử dụng'!$C$5:$C$140,0)),"Chưa có trong DS"))} -> Đang làm | J10: Được chia sẻ dùng chung | K10: media005.26@gmail.com | M10: Có | N10: Hồ Chí Nam | O10: Công ty cấp | P10: 46227 | Q10: Làm Media cho công ty | R10: Chưa bàn giao | S10: SĐT 2 bước: 0934546727 Mail khôi phục: hcns.gtg@gmail.com SĐT khôi phục: 0386894526 (Phương Ly) Nhân sự sử dụng: Thúy Anh / Quý Hoàng
A11: =A10+1 -> 6 | B11: =IF(C11="","","MD-"&TEXT(ROW()-5,"000")) -> MD-006 | C11: Adobe | E11: Tài khoản Adobe Full Apps | F11: https://www.adobe.com/ | G11: HỒ CHÍ NAM | H11: E039NAM | I11: {=IF(G11="","",IFERROR(INDEX('Người sử dụng'!$H$5:$H$140,MATCH(G11,'Người sử dụng'!$C$5:$C$140,0)),"Chưa có trong DS"))} -> Đang làm | J11: Được chia sẻ dùng chung | K11: media006.26@gmail.com | L11: 0979436606 | M11: Có | N11: Hồ Chí Nam | O11: Công ty cấp | P11: 46227 | Q11: Làm Media cho công ty | R11: Chưa bàn giao | S11: SĐT 2 bước: 0934546727 Mail khôi phục: hcns.gtg@gmail.com SĐT khôi phục: 0386894526 (Phương Ly) Nhân sự sử dụng: Hồ Chí Nam
A12: =A11+1 -> 7 | B12: =IF(C12="","","MD-"&TEXT(ROW()-5,"000")) -> MD-007 | C12: Adobe | E12: Tài khoản Adobe Photoshop | F12: https://www.adobe.com/ | G12: HỒ CHÍ NAM | H12: E039NAM | I12: {=IF(G12="","",IFERROR(INDEX('Người sử dụng'!$H$5:$H$140,MATCH(G12,'Người sử dụng'!$C$5:$C$140,0)),"Chưa có trong DS"))} -> Đang làm | J12: Được chia sẻ dùng chung | K12: media008.26@gmail.com | L12: 0976230075 | M12: Có | N12: Hồ Chí Nam | O12: Công ty cấp | P12: 46227 | Q12: Làm Media cho công ty | R12: Chưa bàn giao | S12: SĐT 2 bước: 0934546727 Mail khôi phục: hcns.gtg@gmail.com SĐT khôi phục: 0386894526 (Phương Ly) Nhân sự sử dụng:
A13: =A12+1 -> 8 | B13: =IF(C13="","","MD-"&TEXT(ROW()-5,"000")) -> MD-008 | C13: Adobe | E13: Tài khoản Adobe Full Apps | F13: https://www.adobe.com/ | G13: HỒ CHÍ NAM | H13: E039NAM | I13: {=IF(G13="","",IFERROR(INDEX('Người sử dụng'!$H$5:$H$140,MATCH(G13,'Người sử dụng'!$C$5:$C$140,0)),"Chưa có trong DS"))} -> Đang làm | J13: Được chia sẻ dùng chung | K13: media009.26@gmail.com | L13: 0983491001 | M13: Có | N13: Hồ Chí Nam | O13: Công ty cấp | P13: 46227 | Q13: Làm Media cho công ty | R13: Chưa bàn giao | S13: SĐT 2 bước: 0934546727 Mail khôi phục: hcns.gtg@gmail.com SĐT khôi phục: 0386894526 (Phương Ly) Nhân sự sử dụng: Xuân Trường / Tạ Văn Hùng
A14: =A13+1 -> 9 | B14: =IF(C14="","","MD-"&TEXT(ROW()-5,"000")) -> MD-009 | C14: Adobe | E14: Tài khoản Adobe Premiere Pro | F14: https://www.adobe.com/ | G14: HỒ CHÍ NAM | H14: E039NAM | I14: {=IF(G14="","",IFERROR(INDEX('Người sử dụng'!$H$5:$H$140,MATCH(G14,'Người sử dụng'!$C$5:$C$140,0)),"Chưa có trong DS"))} -> Đang làm | J14: Được chia sẻ dùng chung | K14: media010.26@gmail.com | L14: 0394886407 | M14: Có | N14: Hồ Chí Nam | O14: Công ty cấp | P14: 46227 | Q14: Làm Media cho công ty | R14: Chưa bàn giao | S14: SĐT 2 bước: 0934546727 Mail khôi phục: hcns.gtg@gmail.com SĐT khôi phục: 0386894526 (Phương Ly) Nhân sự sử dụng:
A15: =A14+1 -> 10 | B15: =IF(C15="","","MD-"&TEXT(ROW()-5,"000")) -> MD-010 | C15: Magnific | E15: Tài khoản Magnific | F15: https://www.magnific.com/ | G15: HỒ CHÍ NAM | H15: E039NAM | I15: {=IF(G15="","",IFERROR(INDEX('Người sử dụng'!$H$5:$H$140,MATCH(G15,'Người sử dụng'!$C$5:$C$140,0)),"Chưa có trong DS"))} -> Đang làm | J15: Được chia sẻ dùng chung | K15: gtgmedia.freepik@gmail.com | M15: Có | O15: Công ty cấp | P15: 46120 | Q15: Làm Media cho công ty | R15: Chưa bàn giao
A16: =A15+1 -> 11 | B16: =IF(C16="","","MD-"&TEXT(ROW()-5,"000")) -> MD-011 | C16: Gmail | E16: Tài khoản Gmail | F16: media001.26@gmail.com | G16: HỒ CHÍ NAM | H16: E039NAM | I16: {=IF(G16="","",IFERROR(INDEX('Người sử dụng'!$H$5:$H$140,MATCH(G16,'Người sử dụng'!$C$5:$C$140,0)),"Chưa có trong DS"))} -> Đang làm | J16: Chủ sở hữu / Admin | K16: media001.26@gmail.com | L16: 0868856689 | M16: Có | O16: Tự tạo | Q16: Đăng ký Adobe | R16: Chưa bàn giao
A17: =A16+1 -> 12 | B17: =IF(C17="","","MD-"&TEXT(ROW()-5,"000")) -> MD-012 | C17: Gmail | E17: Tài khoản Gmail | F17: media002.26@gmail.com | G17: HỒ CHÍ NAM | H17: E039NAM | I17: {=IF(G17="","",IFERROR(INDEX('Người sử dụng'!$H$5:$H$140,MATCH(G17,'Người sử dụng'!$C$5:$C$140,0)),"Chưa có trong DS"))} -> Đang làm | J17: Chủ sở hữu / Admin | K17: media002.26@gmail.com | L17: 0329684073 | M17: Có | O17: Tự tạo | Q17: Đăng ký Adobe | R17: Chưa bàn giao
A18: =A17+1 -> 13 | B18: =IF(C18="","","MD-"&TEXT(ROW()-5,"000")) -> MD-013 | C18: Gmail | E18: Tài khoản Gmail | F18: media003.26@gmail.com | G18: HỒ CHÍ NAM | H18: E039NAM | I18: {=IF(G18="","",IFERROR(INDEX('Người sử dụng'!$H$5:$H$140,MATCH(G18,'Người sử dụng'!$C$5:$C$140,0)),"Chưa có trong DS"))} -> Đang làm | J18: Chủ sở hữu / Admin | K18: media003.26@gmail.com | L18: 0975573836 | M18: Có | O18: Tự tạo | Q18: Đăng ký Adobe | R18: Chưa bàn giao
A19: =A18+1 -> 14 | B19: =IF(C19="","","MD-"&TEXT(ROW()-5,"000")) -> MD-014 | C19: Gmail | E19: Tài khoản Gmail | F19: media004.26@gmail.com | G19: HỒ CHÍ NAM | H19: E039NAM | I19: {=IF(G19="","",IFERROR(INDEX('Người sử dụng'!$H$5:$H$140,MATCH(G19,'Người sử dụng'!$C$5:$C$140,0)),"Chưa có trong DS"))} -> Đang làm | J19: Chủ sở hữu / Admin | K19: media004.26@gmail.com | L19: 0337602259 | M19: Có | O19: Tự tạo | Q19: Đăng ký Adobe | R19: Chưa bàn giao
A20: =A19+1 -> 15 | B20: =IF(C20="","","MD-"&TEXT(ROW()-5,"000")) -> MD-015 | C20: Gmail | E20: Tài khoản Gmail | F20: media005.26@gmail.com | G20: HỒ CHÍ NAM | H20: E039NAM | I20: {=IF(G20="","",IFERROR(INDEX('Người sử dụng'!$H$5:$H$140,MATCH(G20,'Người sử dụng'!$C$5:$C$140,0)),"Chưa có trong DS"))} -> Đang làm | J20: Chủ sở hữu / Admin | K20: media005.26@gmail.com | M20: Có | O20: Tự tạo | Q20: Đăng ký Adobe | R20: Chưa bàn giao
A21: =A20+1 -> 16 | B21: =IF(C21="","","MD-"&TEXT(ROW()-5,"000")) -> MD-016 | C21: Gmail | E21: Tài khoản Gmail | F21: media006.26@gmail.com | G21: HỒ CHÍ NAM | H21: E039NAM | I21: {=IF(G21="","",IFERROR(INDEX('Người sử dụng'!$H$5:$H$140,MATCH(G21,'Người sử dụng'!$C$5:$C$140,0)),"Chưa có trong DS"))} -> Đang làm | J21: Chủ sở hữu / Admin | K21: media006.26@gmail.com | L21: 0979436606 | M21: Có | O21: Tự tạo | Q21: Đăng ký Adobe | R21: Chưa bàn giao
A22: =A21+1 -> 17 | B22: =IF(C22="","","MD-"&TEXT(ROW()-5,"000")) -> MD-017 | C22: Gmail | E22: Tài khoản Gmail | F22: media008.26@gmail.com | G22: HỒ CHÍ NAM | H22: E039NAM | I22: {=IF(G22="","",IFERROR(INDEX('Người sử dụng'!$H$5:$H$140,MATCH(G22,'Người sử dụng'!$C$5:$C$140,0)),"Chưa có trong DS"))} -> Đang làm | J22: Chủ sở hữu / Admin | K22: media008.26@gmail.com | L22: 0976230075 | M22: Có | O22: Tự tạo | Q22: Đăng ký Adobe | R22: Chưa bàn giao
A23: =A22+1 -> 18 | B23: =IF(C23="","","MD-"&TEXT(ROW()-5,"000")) -> MD-018 | C23: Gmail | E23: Tài khoản Gmail | F23: media009.26@gmail.com | G23: HỒ CHÍ NAM | H23: E039NAM | I23: {=IF(G23="","",IFERROR(INDEX('Người sử dụng'!$H$5:$H$140,MATCH(G23,'Người sử dụng'!$C$5:$C$140,0)),"Chưa có trong DS"))} -> Đang làm | J23: Chủ sở hữu / Admin | K23: media009.26@gmail.com | L23: 0983491001 | M23: Có | O23: Tự tạo | Q23: Đăng ký Adobe | R23: Chưa bàn giao
A24: =A23+1 -> 19 | B24: =IF(C24="","","MD-"&TEXT(ROW()-5,"000")) -> MD-019 | C24: Gmail | E24: Tài khoản Gmail | F24: media010.26@gmail.com | G24: HỒ CHÍ NAM | H24: E039NAM | I24: {=IF(G24="","",IFERROR(INDEX('Người sử dụng'!$H$5:$H$140,MATCH(G24,'Người sử dụng'!$C$5:$C$140,0)),"Chưa có trong DS"))} -> Đang làm | J24: Chủ sở hữu / Admin | K24: media010.26@gmail.com | L24: 0394886407 | M24: Có | O24: Tự tạo | Q24: Đăng ký Adobe | R24: Chưa bàn giao
A25: =A24+1 -> 20 | B25: =IF(C25="","","MD-"&TEXT(ROW()-5,"000")) -> MD-020 | C25: Gmail | E25: Tài khoản Gmail | F25: gtgmedia.freepik@gmail.com | G25: HỒ CHÍ NAM | H25: E039NAM | I25: {=IF(G25="","",IFERROR(INDEX('Người sử dụng'!$H$5:$H$140,MATCH(G25,'Người sử dụng'!$C$5:$C$140,0)),"Chưa có trong DS"))} -> Đang làm | J25: Chủ sở hữu / Admin | K25: gtgmedia.freepik@gmail.com | M25: Có | O25: Tự tạo | Q25: Đăng ký Magnific | R25: Chưa bàn giao
A26: =A25+1 -> 21 | B26: =IF(C26="","","MD-"&TEXT(ROW()-5,"000")) | I26: {=IF(G26="","",IFERROR(INDEX('Người sử dụng'!$H$5:$H$140,MATCH(G26,'Người sử dụng'!$C$5:$C$140,0)),"Chưa có trong DS"))}
A27: =A26+1 -> 22 | B27: =IF(C27="","","MD-"&TEXT(ROW()-5,"000")) | I27: {=IF(G27="","",IFERROR(INDEX('Người sử dụng'!$H$5:$H$140,MATCH(G27,'Người sử dụng'!$C$5:$C$140,0)),"Chưa có trong DS"))}
A28: =A27+1 -> 23 | B28: =IF(C28="","","MD-"&TEXT(ROW()-5,"000")) | I28: {=IF(G28="","",IFERROR(INDEX('Người sử dụng'!$H$5:$H$140,MATCH(G28,'Người sử dụng'!$C$5:$C$140,0)),"Chưa có trong DS"))}
A29: =A28+1 -> 24 | B29: =IF(C29="","","MD-"&TEXT(ROW()-5,"000")) | I29: {=IF(G29="","",IFERROR(INDEX('Người sử dụng'!$H$5:$H$140,MATCH(G29,'Người sử dụng'!$C$5:$C$140,0)),"Chưa có trong DS"))}
A30: =A29+1 -> 25 | B30: =IF(C30="","","MD-"&TEXT(ROW()-5,"000")) | I30: {=IF(G30="","",IFERROR(INDEX('Người sử dụng'!$H$5:$H$140,MATCH(G30,'Người sử dụng'!$C$5:$C$140,0)),"Chưa có trong DS"))}
A31: =A30+1 -> 26 | B31: =IF(C31="","","MD-"&TEXT(ROW()-5,"000")) | I31: {=IF(G31="","",IFERROR(INDEX('Người sử dụng'!$H$5:$H$140,MATCH(G31,'Người sử dụng'!$C$5:$C$140,0)),"Chưa có trong DS"))}
A32: =A31+1 -> 27 | B32: =IF(C32="","","MD-"&TEXT(ROW()-5,"000")) | I32: {=IF(G32="","",IFERROR(INDEX('Người sử dụng'!$H$5:$H$140,MATCH(G32,'Người sử dụng'!$C$5:$C$140,0)),"Chưa có trong DS"))}
A33: =A32+1 -> 28 | B33: =IF(C33="","","MD-"&TEXT(ROW()-5,"000")) | I33: {=IF(G33="","",IFERROR(INDEX('Người sử dụng'!$H$5:$H$140,MATCH(G33,'Người sử dụng'!$C$5:$C$140,0)),"Chưa có trong DS"))}
A34: =A33+1 -> 29 | B34: =IF(C34="","","MD-"&TEXT(ROW()-5,"000")) | I34: {=IF(G34="","",IFERROR(INDEX('Người sử dụng'!$H$5:$H$140,MATCH(G34,'Người sử dụng'!$C$5:$C$140,0)),"Chưa có trong DS"))}
A35: =A34+1 -> 30 | B35: =IF(C35="","","MD-"&TEXT(ROW()-5,"000")) | I35: {=IF(G35="","",IFERROR(INDEX('Người sử dụng'!$H$5:$H$140,MATCH(G35,'Người sử dụng'!$C$5:$C$140,0)),"Chưa có trong DS"))}
A36: =A35+1 -> 31 | B36: =IF(C36="","","MD-"&TEXT(ROW()-5,"000")) | I36: {=IF(G36="","",IFERROR(INDEX('Người sử dụng'!$H$5:$H$140,MATCH(G36,'Người sử dụng'!$C$5:$C$140,0)),"Chưa có trong DS"))}
A37: =A36+1 -> 32 | B37: =IF(C37="","","MD-"&TEXT(ROW()-5,"000")) | I37: {=IF(G37="","",IFERROR(INDEX('Người sử dụng'!$H$5:$H$140,MATCH(G37,'Người sử dụng'!$C$5:$C$140,0)),"Chưa có trong DS"))}
A38: =IF(C38="","",ROW()-5) | B38: =IF(C38="","","MD-"&TEXT(ROW()-5,"000")) | I38: {=IF(G38="","",IFERROR(INDEX('Người sử dụng'!$H$5:$H$140,MATCH(G38,'Người sử dụng'!$C$5:$C$140,0)),"Chưa có trong DS"))}
A39: =IF(C39="","",ROW()-5) | B39: =IF(C39="","","MD-"&TEXT(ROW()-5,"000")) | I39: {=IF(G39="","",IFERROR(INDEX('Người sử dụng'!$H$5:$H$140,MATCH(G39,'Người sử dụng'!$C$5:$C$140,0)),"Chưa có trong DS"))}
A40: =IF(C40="","",ROW()-5) | B40: =IF(C40="","","MD-"&TEXT(ROW()-5,"000")) | I40: {=IF(G40="","",IFERROR(INDEX('Người sử dụng'!$H$5:$H$140,MATCH(G40,'Người sử dụng'!$C$5:$C$140,0)),"Chưa có trong DS"))}
A41: =IF(C41="","",ROW()-5) | B41: =IF(C41="","","MD-"&TEXT(ROW()-5,"000")) | I41: {=IF(G41="","",IFERROR(INDEX('Người sử dụng'!$H$5:$H$140,MATCH(G41,'Người sử dụng'!$C$5:$C$140,0)),"Chưa có trong DS"))}
A42: =IF(C42="","",ROW()-5) | B42: =IF(C42="","","MD-"&TEXT(ROW()-5,"000")) | I42: {=IF(G42="","",IFERROR(INDEX('Người sử dụng'!$H$5:$H$140,MATCH(G42,'Người sử dụng'!$C$5:$C$140,0)),"Chưa có trong DS"))}
A43: =IF(C43="","",ROW()-5) | B43: =IF(C43="","","MD-"&TEXT(ROW()-5,"000")) | I43: {=IF(G43="","",IFERROR(INDEX('Người sử dụng'!$H$5:$H$140,MATCH(G43,'Người sử dụng'!$C$5:$C$140,0)),"Chưa có trong DS"))}
A44: =IF(C44="","",ROW()-5) | B44: =IF(C44="","","MD-"&TEXT(ROW()-5,"000")) | I44: {=IF(G44="","",IFERROR(INDEX('Người sử dụng'!$H$5:$H$140,MATCH(G44,'Người sử dụng'!$C$5:$C$140,0)),"Chưa có trong DS"))}
A45: =IF(C45="","",ROW()-5) | B45: =IF(C45="","","MD-"&TEXT(ROW()-5,"000")) | I45: {=IF(G45="","",IFERROR(INDEX('Người sử dụng'!$H$5:$H$140,MATCH(G45,'Người sử dụng'!$C$5:$C$140,0)),"Chưa có trong DS"))}
A46: =IF(C46="","",ROW()-5) | B46: =IF(C46="","","MD-"&TEXT(ROW()-5,"000")) | I46: {=IF(G46="","",IFERROR(INDEX('Người sử dụng'!$H$5:$H$140,MATCH(G46,'Người sử dụng'!$C$5:$C$140,0)),"Chưa có trong DS"))}
A47: =IF(C47="","",ROW()-5) | B47: =IF(C47="","","MD-"&TEXT(ROW()-5,"000")) | I47: {=IF(G47="","",IFERROR(INDEX('Người sử dụng'!$H$5:$H$140,MATCH(G47,'Người sử dụng'!$C$5:$C$140,0)),"Chưa có trong DS"))}
A48: =IF(C48="","",ROW()-5) | B48: =IF(C48="","","MD-"&TEXT(ROW()-5,"000")) | I48: {=IF(G48="","",IFERROR(INDEX('Người sử dụng'!$H$5:$H$140,MATCH(G48,'Người sử dụng'!$C$5:$C$140,0)),"Chưa có trong DS"))}
A49: =IF(C49="","",ROW()-5) | B49: =IF(C49="","","MD-"&TEXT(ROW()-5,"000")) | I49: {=IF(G49="","",IFERROR(INDEX('Người sử dụng'!$H$5:$H$140,MATCH(G49,'Người sử dụng'!$C$5:$C$140,0)),"Chưa có trong DS"))}
... A205: =IF(C205="","",ROW()-5) | B205: =IF(C205="","","MD-"&TEXT(ROW()-5,"000")) | I205: {=IF(G205="","",IFERROR(INDEX('Người sử dụng'!$H$5:$H$140,MATCH(G205,'Người sử dụng'!$C$5:$C$140,0)),"Chưa có trong DS"))}

Sheet PR Thương Hiệu
A1: KHAI BÁO TÀI NGUYÊN SỐ – BAN PR THƯƠNG HIỆU
A2: Người khai báo: | E2: Ngày khai báo:
A3: Lưu ý: KHÔNG ghi mật khẩu. Ô xanh nhạt = ban điền · Cột xám = tự tính · Cột hồng = Phòng Tài nguyên điền. Người được bàn giao phải có trong tab "Người sử dụng".
A4: THÔNG TIN TÀI NGUYÊN (ban tự khai) | T4: TRẠNG THÁI THEO THÁNG (Phòng Tài nguyên cập nhật khi rà soát)
A5: STT | B5: Mã tài nguyên | C5: Loại tài nguyên | D5: ID tài nguyên | E5: Tên tài nguyên | F5: Link | G5: Người được bàn giao (đang quản lý) | H5: Mã NV | I5: Trạng thái người dùng | J5: Quyền đang có | K5: Email đăng ký | L5: SĐT đăng ký | M5: Bảo mật 2 lớp | N5: Ai đang giữ mã 2 lớp | O5: Nguồn gốc | P5: Ngày bắt đầu dùng | Q5: Mục đích sử dụng | R5: Bàn giao về Tài nguyên | S5: Ghi chú | T5: T10/2026 | U5: T11/2026 | V5: T12/2026 | W5: T01/2027 | X5: T02/2027 | Y5: T03/2027 | Z5: T04/2027 | AA5: T05/2027 | AB5: T06/2027 | AC5: T07/2027 | AD5: T08/2027 | AE5: T09/2027
A6: =IF(C6="","",ROW()-5) | B6: =IF(C6="","","PR-"&TEXT(ROW()-5,"000")) | H6: {=IFERROR(_xlfn.XLOOKUP(G6:G1000,'Người sử dụng'!$C$4:$C1000,'Người sử dụng'!$B$4:$B1000),"")} | I6: {=IF(G6="","",IFERROR(INDEX('Người sử dụng'!$H$5:$H$140,MATCH(G6,'Người sử dụng'!$C$5:$C$140,0)),"Chưa có trong DS"))}
A7: =IF(C7="","",ROW()-5) -> 2 | B7: =IF(C7="","","PR-"&TEXT(ROW()-5,"000")) -> PR-002 | C7: Page | D7: 100093582582280 | E7: Page Dr Tiến - Tân Trang Cô Bé | F7: https://www.facebook.com/DrTienVien103?locale=vi_VN | G7: BÙI MỸ HẢO | H7: P036HAO | I7: {=IF(G7="","",IFERROR(INDEX('Người sử dụng'!$H$5:$H$140,MATCH(G7,'Người sử dụng'!$C$5:$C$140,0)),"Chưa có trong DS"))} -> Đang làm | J7: Biên tập viên | M7: Không rõ | O7: Công ty cấp | P7: 45091 | Q7: đăng bài + chat page
A8: =IF(C8="","",ROW()-5) -> 3 | B8: =IF(C8="","","PR-"&TEXT(ROW()-5,"000")) -> PR-003 | C8: Page | D8: 100093071967592 | E8: BS. Tiến Sĩ Vũ Trọng Tiến | F8: https://www.facebook.com/TIENSI.VUTRONGTIEN/ | G8: HOÀNG MINH HIẾU | H8: P040HIEU | I8: {=IF(G8="","",IFERROR(INDEX('Người sử dụng'!$H$5:$H$140,MATCH(G8,'Người sử dụng'!$C$5:$C$140,0)),"Chưa có trong DS"))} -> Đang làm | J8: Kiểm duyệt viên | M8: Không rõ | O8: Công ty cấp | P8: 45071 | Q8: đăng bài + chat page
A9: =IF(C9="","",ROW()-5) -> 4 | B9: =IF(C9="","","PR-"&TEXT(ROW()-5,"000")) -> PR-004 | C9: Page | D9: 100093582582280 | E9: Page Dr Tiến - Tân Trang Cô Bé | F9: https://www.facebook.com/DrTienVien103?locale=vi_VN | G9: HOÀNG MINH HIẾU | H9: P040HIEU | I9: {=IF(G9="","",IFERROR(INDEX('Người sử dụng'!$H$5:$H$140,MATCH(G9,'Người sử dụng'!$C$5:$C$140,0)),"Chưa có trong DS"))} -> Đang làm | J9: Kiểm duyệt viên | M9: Không rõ | O9: Công ty cấp | P9: 45091 | Q9: đăng bài + chat page
A10: =IF(C10="","",ROW()-5) -> 5 | B10: =IF(C10="","","PR-"&TEXT(ROW()-5,"000")) -> PR-005 | C10: Nhóm | D10: 4016174882008678 | E10: Tâm Sự Thẩm Mỹ Vùng Kín - Bác Sĩ Có Tâm | F10: https://www.facebook.com/groups/4016174882008678 | G10: LÊ HẠNH QUYÊN | H10: P006QUYEN | I10: {=IF(G10="","",IFERROR(INDEX('Người sử dụng'!$H$5:$H$140,MATCH(G10,'Người sử dụng'!$C$5:$C$140,0)),"Chưa có trong DS"))} -> Đang làm | J10: Kiểm duyệt viên | M10: Không rõ | O10: Công ty cấp | P10: 46086 | Q10: đăng bài + seeding
A11: 5 | B11: =IF(C11="","","PR-"&TEXT(ROW()-5,"000")) -> PR-006 | C11: Nhóm | D11: 1098149724956406 | E11: THẨM MỸ VÙNG KÍN - CHIA SẺ KINH NGHIỆM | F11: https://www.facebook.com/groups/1098149724956406 | G11: ĐỖ THỊ THU HOÀI | H11: P047HOAI | I11: {=IF(G11="","",IFERROR(INDEX('Người sử dụng'!$H$5:$H$140,MATCH(G11,'Người sử dụng'!$C$5:$C$140,0)),"Chưa có trong DS"))} -> Đang làm | J11: Kiểm duyệt viên | O11: Công ty cấp
A12: 7 | B12: =IF(C12="","","PR-"&TEXT(ROW()-5,"000")) -> PR-007 | C12: Nhóm | D12: 608585069532791 | E12: CHIA SẺ KINH NGHIỆM THẨM MỸ VÙNG KÍN | F12: https://www.facebook.com/groups/608585069532791 | G12: ĐỖ THỊ THU HOÀI | H12: P047HOAI | I12: {=IF(G12="","",IFERROR(INDEX('Người sử dụng'!$H$5:$H$140,MATCH(G12,'Người sử dụng'!$C$5:$C$140,0)),"Chưa có trong DS"))} -> Đang làm | J12: Kiểm duyệt viên | O12: Công ty cấp
A13: 8 | B13: =IF(C13="","","PR-"&TEXT(ROW()-5,"000")) -> PR-008 | C13: Nhóm | D13: 6550407141679776 | E13: REVIEW THẨM MỸ VÙNG KÍN - TẠO HÌNH CÔ BÉ | F13: https://www.facebook.com/groups/6550407141679776 | G13: ĐỖ THỊ THU HOÀI | H13: P047HOAI | I13: {=IF(G13="","",IFERROR(INDEX('Người sử dụng'!$H$5:$H$140,MATCH(G13,'Người sử dụng'!$C$5:$C$140,0)),"Chưa có trong DS"))} -> Đang làm | J13: Kiểm duyệt viên | O13: Công ty cấp
A14: =IF(C14="","",ROW()-5) -> 9 | B14: =IF(C14="","","PR-"&TEXT(ROW()-5,"000")) -> PR-009 | C14: Nhóm | D14: 443897823755710 | E14: APEXMED – Nghiện Làm Đẹp & Thẩm Mỹ | F14: https://www.facebook.com/groups/443897823755710 | G14: LÊ HẠNH QUYÊN | H14: P006QUYEN | I14: {=IF(G14="","",IFERROR(INDEX('Người sử dụng'!$H$5:$H$140,MATCH(G14,'Người sử dụng'!$C$5:$C$140,0)),"Chưa có trong DS"))} -> Đang làm | J14: Kiểm duyệt viên | O14: Công ty cấp | P14: 46208 | Q14: đăng bài + seeding
A15: =IF(C15="","",ROW()-5) -> 10 | B15: =IF(C15="","","PR-"&TEXT(ROW()-5,"000")) -> PR-010 | C15: Nhóm | D15: 531411745613668 | E15: Tâm Sự EVA - Thẩm Mỹ Vùng Kín | F15: https://www.facebook.com/groups/531411745613668 | G15: LÊ HẠNH QUYÊN | H15: P006QUYEN | I15: {=IF(G15="","",IFERROR(INDEX('Người sử dụng'!$H$5:$H$140,MATCH(G15,'Người sử dụng'!$C$5:$C$140,0)),"Chưa có trong DS"))} -> Đang làm | J15: Kiểm duyệt viên | O15: Công ty cấp | P15: 45351 | Q15: đăng bài + seeding
A16: =IF(C16="","",ROW()-5) -> 11 | B16: =IF(C16="","","PR-"&TEXT(ROW()-5,"000")) -> PR-011 | C16: Nhóm | D16: 284783797619080 | E16: Chia sẻ Kinh nghiệm Thẩm mỹ Vùng kín từ A-Z | F16: https://www.facebook.com/groups/284783797619080 | G16: LÊ HẠNH QUYÊN | H16: P006QUYEN | I16: {=IF(G16="","",IFERROR(INDEX('Người sử dụng'!$H$5:$H$140,MATCH(G16,'Người sử dụng'!$C$5:$C$140,0)),"Chưa có trong DS"))} -> Đang làm | J16: Kiểm duyệt viên | O16: Công ty cấp | P16: 46111 | Q16: đăng bài + seeding
A17: =IF(C17="","",ROW()-5) -> 12 | B17: =IF(C17="","","PR-"&TEXT(ROW()-5,"000")) -> PR-012 | C17: Nhóm | D17: 824499352169302 | E17: KINH NGHIỆM PTTT CÔ BÉ ( PHỐT TMV, BS KHÔNG CÓ TÂM ) | F17: https://www.facebook.com/groups/824499352169302 | G17: PHÙNG HOÀNG PHƯỢNG | H17: P029PHUONG | I17: {=IF(G17="","",IFERROR(INDEX('Người sử dụng'!$H$5:$H$140,MATCH(G17,'Người sử dụng'!$C$5:$C$140,0)),"Chưa có trong DS"))} -> Đang làm | J17: Kiểm duyệt viên | O17: Công ty cấp
A18: =IF(C18="","",ROW()-5) -> 13 | B18: =IF(C18="","","PR-"&TEXT(ROW()-5,"000")) -> PR-013 | C18: Nhóm | D18: 695743015705652 | E18: REVIEW CHIA SẺ KINH NGHIỆM THẨM MỸ VÙNG KÍN - THU HẸP CÔ BÉ | F18: https://www.facebook.com/groups/695743015705652 | G18: PHÙNG HOÀNG PHƯỢNG | H18: P029PHUONG | I18: {=IF(G18="","",IFERROR(INDEX('Người sử dụng'!$H$5:$H$140,MATCH(G18,'Người sử dụng'!$C$5:$C$140,0)),"Chưa có trong DS"))} -> Đang làm | J18: Kiểm duyệt viên | O18: Công ty cấp
A19: =IF(C19="","",ROW()-5) -> 14 | B19: =IF(C19="","","PR-"&TEXT(ROW()-5,"000")) -> PR-014 | C19: Nhóm | D19: 482814113071233 | E19: Review Thẩm mỹ APEXMED – Đẹp Thật, Nói Thật | F19: https://www.facebook.com/groups/nhomkhachhangthepyo | G19: PHÙNG HOÀNG PHƯỢNG | H19: P029PHUONG | I19: {=IF(G19="","",IFERROR(INDEX('Người sử dụng'!$H$5:$H$140,MATCH(G19,'Người sử dụng'!$C$5:$C$140,0)),"Chưa có trong DS"))} -> Đang làm | J19: Kiểm duyệt viên | O19: Công ty cấp
A20: =IF(C20="","",ROW()-5) -> 15 | B20: =IF(C20="","","PR-"&TEXT(ROW()-5,"000")) -> PR-015 | C20: Nhóm | D20: 776125762224045 | E20: HỘI REVIEW LÀM ĐẸP - THẨM MỸ CÔ BÉ | F20: https://www.facebook.com/groups/776125762224045 | G20: PHÙNG HOÀNG PHƯỢNG | H20: P029PHUONG | I20: {=IF(G20="","",IFERROR(INDEX('Người sử dụng'!$H$5:$H$140,MATCH(G20,'Người sử dụng'!$C$5:$C$140,0)),"Chưa có trong DS"))} -> Đang làm | J20: Kiểm duyệt viên | O20: Công ty cấp
A21: 16 | B21: =IF(C21="","","PR-"&TEXT(ROW()-5,"000")) -> PR-016 | C21: Page | D21: 100093071967592 | E21: BS. Tiến Sĩ Vũ Trọng Tiến | F21: https://www.facebook.com/TIENSI.VUTRONGTIEN | G21: ĐỖ THỊ THU HOÀI | H21: P047HOAI | I21: {=IF(G21="","",IFERROR(INDEX('Người sử dụng'!$H$5:$H$140,MATCH(G21,'Người sử dụng'!$C$5:$C$140,0)),"Chưa có trong DS"))} -> Đang làm | J21: Kiểm duyệt viên | M21: Không rõ | O21: Công ty cấp | P21: 45071 | Q21: chat page
A22: =IF(C22="","",ROW()-5) -> 17 | B22: =IF(C22="","","PR-"&TEXT(ROW()-5,"000")) -> PR-017 | C22: Nhóm | D22: 1722092492110074 | E22: Hội Nghiện Chồng Việt Nam | F22: https://www.facebook.com/groups/1722092492110074 | G22: LÊ HẠNH QUYÊN | H22: P006QUYEN | I22: {=IF(G22="","",IFERROR(INDEX('Người sử dụng'!$H$5:$H$140,MATCH(G22,'Người sử dụng'!$C$5:$C$140,0)),"Chưa có trong DS"))} -> Đang làm | J22: Kiểm duyệt viên | O22: Công ty cấp | P22: 46218 | Q22: đăng bài + seeding
A23: =IF(C23="","",ROW()-5) -> 18 | B23: =IF(C23="","","PR-"&TEXT(ROW()-5,"000")) -> PR-018 | C23: Page | D23: 61589580962520 | E23: Bác sĩ David Bùi - Thẩm Mỹ Vùng Kín | F23: https://www.facebook.com/BacsiDavidBuichuanykhoa/ | G23: LÊ HẠNH QUYÊN | H23: P006QUYEN | I23: {=IF(G23="","",IFERROR(INDEX('Người sử dụng'!$H$5:$H$140,MATCH(G23,'Người sử dụng'!$C$5:$C$140,0)),"Chưa có trong DS"))} -> Đang làm | J23: Kiểm duyệt viên | O23: Công ty cấp | P23: 46157 | Q23: chat page
A24: 19 | B24: =IF(C24="","","PR-"&TEXT(ROW()-5,"000")) -> PR-019 | C24: Page | D24: 61589580962520 | E24: Bác sĩ David Bùi - Thẩm Mỹ Vùng Kín | F24: https://www.facebook.com/BacsiDavidBuichuanykhoa/ | G24: TRẦN MINH ANH | H24: E069ANH | I24: {=IF(G24="","",IFERROR(INDEX('Người sử dụng'!$H$5:$H$140,MATCH(G24,'Người sử dụng'!$C$5:$C$140,0)),"Chưa có trong DS"))} -> Đang làm | J24: Biên tập viên | O24: Công ty cấp | P24: 46218 | Q24: Đăng bài
A25: =IF(C25="","",ROW()-5) -> 20 | B25: =IF(C25="","","PR-"&TEXT(ROW()-5,"000")) -> PR-020 | C25: Page | D25: 61575809771897 | E25: Bác Sĩ Vũ Trọng Tiến - Gỡ Rối Chăn Gối | F25: https://www.facebook.com/Tamsucungbsvutrongtien.apexmed | G25: NGUYỄN THỊ ÁNH TUYẾT | H25: E041TUYET | I25: {=IF(G25="","",IFERROR(INDEX('Người sử dụng'!$H$5:$H$140,MATCH(G25,'Người sử dụng'!$C$5:$C$140,0)),"Chưa có trong DS"))} -> Đang làm | J25: Biên tập viên | O25: Tự tạo | P25: 45785 | Q25: đăng bài + seeding
A26: 21 | B26: =IF(C26="","","PR-"&TEXT(ROW()-5,"000")) -> PR-021 | C26: Page | D26: 100093071967592 | E26: BS. Tiến Sĩ Vũ Trọng Tiến | F26: https://www.facebook.com/TIENSI.VUTRONGTIEN/ | G26: LÊ HUYỀN LINH | H26: P046LINH | I26: {=IF(G26="","",IFERROR(INDEX('Người sử dụng'!$H$5:$H$140,MATCH(G26,'Người sử dụng'!$C$5:$C$140,0)),"Chưa có trong DS"))} -> Đang làm | J26: Biên tập viên | M26: Không rõ | O26: Công ty cấp
A27: 22 | B27: =IF(C27="","","PR-"&TEXT(ROW()-5,"000")) -> PR-022 | C27: Nhóm | D27: 938568356885577 | E27: APEXMED – Cộng đồng Làm đẹp Chuẩn Y khoa | F27: https://www.facebook.com/groups/938568356885577 | G27: BÙI THỊ THANH HẰNG | H27: P055HANG | I27: {=IF(G27="","",IFERROR(INDEX('Người sử dụng'!$H$5:$H$140,MATCH(G27,'Người sử dụng'!$C$5:$C$140,0)),"Chưa có trong DS"))} -> Đang làm | J27: Kiểm duyệt viên | M27: Không rõ | O27: Công ty cấp | P27: 46208 | Q27: đăng bài + seeding
A28: 23 | B28: =IF(C28="","","PR-"&TEXT(ROW()-5,"000")) -> PR-023 | C28: Page | D28: 561278448430056 | E28: APEXMED - Hỏi Đáp Kinh Nghiệm Làm Đẹp | F28: https://www.facebook.com/groups/phanhoikhachhangthepyo | G28: BÙI THỊ THANH HẰNG | H28: P055HANG | I28: {=IF(G28="","",IFERROR(INDEX('Người sử dụng'!$H$5:$H$140,MATCH(G28,'Người sử dụng'!$C$5:$C$140,0)),"Chưa có trong DS"))} -> Đang làm | J28: Kiểm duyệt viên | M28: Không rõ | O28: Công ty cấp | P28: 46210 | Q28: đăng bài + seeding
A29: 24 | B29: =IF(C29="","","PR-"&TEXT(ROW()-5,"000")) -> PR-024 | C29: Page | D29: 61551384424410 | E29: Phòng khám thẩm mỹ Apexmed | F29: https://www.facebook.com/thammyApexmed/ | G29: BÙI THỊ LƯU | H29: P008LUU | I29: {=IF(G29="","",IFERROR(INDEX('Người sử dụng'!$H$5:$H$140,MATCH(G29,'Người sử dụng'!$C$5:$C$140,0)),"Chưa có trong DS"))} -> Đang làm | J29: Biên tập viên | O29: Công ty cấp | Q29: Đăng bài + chat page
A30: 25 | B30: PR-024 | C30: Page | D30: 100085110529221 | E30: Phòng Khám Thẩm Mỹ Apexmed - Kiến Tạo Vẻ Đẹp Chuẩn Y Khoa | F30: https://www.facebook.com/phongkhamthammyApexmed | G30: BÙI THỊ LƯU | H30: P008LUU | I30: {=IF(G30="","",IFERROR(INDEX('Người sử dụng'!$H$5:$H$140,MATCH(G30,'Người sử dụng'!$C$5:$C$140,0)),"Chưa có trong DS"))} -> Đang làm | J30: Biên tập viên | O30: Công ty cấp | Q30: Đăng bài + chat page
A31: =IF(C31="","",ROW()-5) -> 26 | B31: PR-025 | C31: Page | D31: 100085218763055 | E31: Thẩm Mỹ Apexmed | F31: https://www.facebook.com/pktmApexmed | G31: BÙI THỊ LƯU | H31: P008LUU | I31: {=IF(G31="","",IFERROR(INDEX('Người sử dụng'!$H$5:$H$140,MATCH(G31,'Người sử dụng'!$C$5:$C$140,0)),"Chưa có trong DS"))} -> Đang làm | J31: Biên tập viên | O31: Công ty cấp | Q31: Đăng bài + chat page
A32: 23 | B32: PR-026 | C32: Page | D32: 61583054334301 | E32: Bác Sĩ David Bùi - Hiểu Để Hạnh Phúc | F32: https://www.facebook.com/BacsiDavidBui.Apexmed | G32: NGUYỄN THỊ ÁNH TUYẾT | H32: E041TUYET | I32: {=IF(G32="","",IFERROR(INDEX('Người sử dụng'!$H$5:$H$140,MATCH(G32,'Người sử dụng'!$C$5:$C$140,0)),"Chưa có trong DS"))} -> Đang làm | J32: Biên tập viên | O32: Tự tạo | P32: 45957 | Q32: đăng bài + seeding
A33: =IF(C33="","",ROW()-5) -> 28 | B33: =IF(C33="","","PR-"&TEXT(ROW()-5,"000")) -> PR-028 | C33: Page | D33: 61582526559547 | E33: Bác Sĩ David Bùi - Cơ Thể Kể Chuyện | F33: https://www.facebook.com/BsDavidBui.Apexmed | G33: NGUYỄN THỊ ÁNH TUYẾT | H33: E041TUYET | I33: {=IF(G33="","",IFERROR(INDEX('Người sử dụng'!$H$5:$H$140,MATCH(G33,'Người sử dụng'!$C$5:$C$140,0)),"Chưa có trong DS"))} -> Đang làm | J33: Biên tập viên | O33: Tự tạo | P33: 45953 | Q33: đăng bài + seeding
A34: =IF(C34="","",ROW()-5) -> 29 | B34: =IF(C34="","","PR-"&TEXT(ROW()-5,"000")) -> PR-029 | C34: Page | D34: 61591465536394 | E34: Bác sĩ Minh Tâm - Sản Phụ Khoa | F34: https://www.facebook.com/Bacsisanphukhoa.Apexmed | G34: NGUYỄN THỊ ÁNH TUYẾT | H34: E041TUYET | I34: {=IF(G34="","",IFERROR(INDEX('Người sử dụng'!$H$5:$H$140,MATCH(G34,'Người sử dụng'!$C$5:$C$140,0)),"Chưa có trong DS"))} -> Đang làm | J34: Biên tập viên | O34: Tự tạo | P34: 46206 | Q34: đăng bài
A35: =IF(C35="","",ROW()-5) -> 30 | B35: =IF(C35="","","PR-"&TEXT(ROW()-5,"000")) -> PR-030 | C35: Kênh Tiktok | D35: 7512727103999345671 | E35: Bác Tiến 1 | F35: https://www.tiktok.com/@drvutrongtien.apexmed | G35: NGUYỄN THỊ ÁNH TUYẾT | H35: E041TUYET | I35: {=IF(G35="","",IFERROR(INDEX('Người sử dụng'!$H$5:$H$140,MATCH(G35,'Người sử dụng'!$C$5:$C$140,0)),"Chưa có trong DS"))} -> Đang làm | J35: Biên tập viên | K35: Drvutrongtien@outlook.com | L35: 0812969495 | M35: Có | O35: Tự tạo | P35: 45814 | Q35: đăng bài
A36: =IF(C36="","",ROW()-5) -> 31 | B36: =IF(C36="","","PR-"&TEXT(ROW()-5,"000")) -> PR-031 | C36: Kênh Tiktok | D36: 7496344490505864197 | E36: Bác Tiến 2 | F36: https://www.tiktok.com/@drvutrongtien | G36: NGUYỄN THỊ ÁNH TUYẾT | H36: E041TUYET | I36: {=IF(G36="","",IFERROR(INDEX('Người sử dụng'!$H$5:$H$140,MATCH(G36,'Người sử dụng'!$C$5:$C$140,0)),"Chưa có trong DS"))} -> Đang làm | J36: Biên tập viên | K36: Drvutrongtien@gmail.com | L36: 0332289932 | M36: Có | O36: Tự tạo | P36: 45770 | Q36: đăng bài
A37: =IF(C37="","",ROW()-5) -> 32 | B37: =IF(C37="","","PR-"&TEXT(ROW()-5,"000")) -> PR-032 | C37: Kênh Tiktok | D37: 7639939804540617745 | E37: Bác Tiến 3 | F37: https://www.tiktok.com/@vutrongtien.trending | G37: NGUYỄN THỊ ÁNH TUYẾT | H37: E041TUYET | I37: {=IF(G37="","",IFERROR(INDEX('Người sử dụng'!$H$5:$H$140,MATCH(G37,'Người sử dụng'!$C$5:$C$140,0)),"Chưa có trong DS"))} -> Đang làm | J37: Biên tập viên | K37: drvutrongtiencapcut@gmail.com | L37: CHƯA CÓ | M37: Có | O37: Tự tạo | P37: 46157 | Q37: đăng bài
A38: =IF(C38="","",ROW()-5) -> 33 | B38: =IF(C38="","","PR-"&TEXT(ROW()-5,"000")) -> PR-033 | C38: Kênh Tiktok | D38: 7555766175021270017 | E38: David 1 | F38: https://www.tiktok.com/@drdavidbui | G38: NGUYỄN THỊ ÁNH TUYẾT | H38: E041TUYET | I38: {=IF(G38="","",IFERROR(INDEX('Người sử dụng'!$H$5:$H$140,MATCH(G38,'Người sử dụng'!$C$5:$C$140,0)),"Chưa có trong DS"))} -> Đang làm | J38: Biên tập viên | K38: Media06.gtg@gmail.com | L38: 0364934907 | M38: Có | O38: Tự tạo | P38: 45930 | Q38: đăng bài
A39: =IF(C39="","",ROW()-5) -> 34 | B39: =IF(C39="","","PR-"&TEXT(ROW()-5,"000")) -> PR-034 | C39: Kênh Tiktok | D39: 7561291141216306183 | E39: David 2 | F39: https://www.tiktok.com/@bacsidavidbui | G39: NGUYỄN THỊ ÁNH TUYẾT | H39: E041TUYET | I39: {=IF(G39="","",IFERROR(INDEX('Người sử dụng'!$H$5:$H$140,MATCH(G39,'Người sử dụng'!$C$5:$C$140,0)),"Chưa có trong DS"))} -> Đang làm | J39: Biên tập viên | K39: Bacsidavidbui@gmail.com | L39: 0375340227 | M39: Có | O39: Tự tạo | P39: 45945 | Q39: đăng bài
A40: =IF(C40="","",ROW()-5) -> 35 | B40: =IF(C40="","","PR-"&TEXT(ROW()-5,"000")) -> PR-035 | C40: Kênh Tiktok | D40: 7582109699341239297 | E40: David 3 | F40: https://www.tiktok.com/@bacsidavidbui.tiktok | G40: NGUYỄN THỊ ÁNH TUYẾT | H40: E041TUYET | I40: {=IF(G40="","",IFERROR(INDEX('Người sử dụng'!$H$5:$H$140,MATCH(G40,'Người sử dụng'!$C$5:$C$140,0)),"Chưa có trong DS"))} -> Đang làm | J40: Biên tập viên | K40: davidbuicapcut@gmail.com | L40: 0368124533 | M40: Có | O40: Tự tạo | P40: 46001 | Q40: đăng bài
A41: =IF(C41="","",ROW()-5) -> 36 | B41: =IF(C41="","","PR-"&TEXT(ROW()-5,"000")) -> PR-036 | C41: Kênh Tiktok | D41: 7598780735713346581 | E41: Cô Tâm | F41: https://www.tiktok.com/@bsminhtam.sanphukhoa | G41: NGUYỄN THỊ ÁNH TUYẾT | H41: E041TUYET | I41: {=IF(G41="","",IFERROR(INDEX('Người sử dụng'!$H$5:$H$140,MATCH(G41,'Người sử dụng'!$C$5:$C$140,0)),"Chưa có trong DS"))} -> Đang làm | J41: Biên tập viên | K41: bacsiminhtam1@gmail.com | L41: CHƯA CÓ | M41: Có | O41: Tự tạo | P41: 46177 | Q41: đăng bài
A42: =IF(C42="","",ROW()-5) -> 37 | B42: =IF(C42="","","PR-"&TEXT(ROW()-5,"000")) -> PR-037 | C42: Youtube | D42: UCvwmsDEIgLlCNymFZqCrbXg | E42: Bác Tiến | F42: https://www.youtube.com/@bacsivutrongtien | G42: NGUYỄN THỊ ÁNH TUYẾT | H42: E041TUYET | I42: {=IF(G42="","",IFERROR(INDEX('Người sử dụng'!$H$5:$H$140,MATCH(G42,'Người sử dụng'!$C$5:$C$140,0)),"Chưa có trong DS"))} -> Đang làm | J42: Biên tập viên | M42: Không rõ | O42: Công ty cấp | P42: 45369 | Q42: đăng bài
A43: =IF(C43="","",ROW()-5) -> 38 | B43: =IF(C43="","","PR-"&TEXT(ROW()-5,"000")) -> PR-038 | C43: Youtube | D43: UCgbCXEJZ86SwwvAGEjih3AA | E43: David | F43: https://www.youtube.com/@bacsidavidbui | G43: NGUYỄN THỊ ÁNH TUYẾT | H43: E041TUYET | I43: {=IF(G43="","",IFERROR(INDEX('Người sử dụng'!$H$5:$H$140,MATCH(G43,'Người sử dụng'!$C$5:$C$140,0)),"Chưa có trong DS"))} -> Đang làm | J43: Biên tập viên | M43: Không rõ | O43: Công ty cấp | P43: 45946 | Q43: đăng bài
A44: =IF(C44="","",ROW()-5) -> 39 | B44: =IF(C44="","","PR-"&TEXT(ROW()-5,"000")) -> PR-039 | C44: Youtube | D44: UCA8kUYHaGB1Ht2Z2rt79HDg | E44: Cô Tâm | F44: https://www.youtube.com/@Bacsiminhtam.sanphukhoa | G44: NGUYỄN THỊ ÁNH TUYẾT | H44: E041TUYET | I44: {=IF(G44="","",IFERROR(INDEX('Người sử dụng'!$H$5:$H$140,MATCH(G44,'Người sử dụng'!$C$5:$C$140,0)),"Chưa có trong DS"))} -> Đang làm | J44: Biên tập viên | M44: Có | O44: Công ty cấp | P44: 46189 | Q44: đăng bài
A45: =IF(C45="","",ROW()-5) -> 40 | B45: =IF(C45="","","PR-"&TEXT(ROW()-5,"000")) -> PR-040 | C45: Kênh Tiktok | D45: 7662661659426538513 | E45: Apexmed | F45: https://www.tiktok.com/@phongkhamthammy.apexmed | G45: TRẦN MINH ANH | H45: E069ANH | I45: {=IF(G45="","",IFERROR(INDEX('Người sử dụng'!$H$5:$H$140,MATCH(G45,'Người sử dụng'!$C$5:$C$140,0)),"Chưa có trong DS"))} -> Đang làm | J45: Biên tập viên | K45: pr.apexmed@gmail.com | L45: 0332089932 | M45: Không rõ | O45: Công ty cấp | P45: 46223 | Q45: đăng bài
A46: =IF(C46="","",ROW()-5) -> 41 | B46: =IF(C46="","","PR-"&TEXT(ROW()-5,"000")) -> PR-041 | C46: Youtube | D46: UCwdkQMEg0BqgXzkDg_gNFXw | E46: Apexmed | F46: https://www.youtube.com/@phongkhamthammyapexmed | G46: TRẦN MINH ANH | H46: E069ANH | I46: {=IF(G46="","",IFERROR(INDEX('Người sử dụng'!$H$5:$H$140,MATCH(G46,'Người sử dụng'!$C$5:$C$140,0)),"Chưa có trong DS"))} -> Đang làm | J46: Biên tập viên | K46: pr.apexmed@gmail.com | L46: 0332089932 | M46: Không rõ | O46: Công ty cấp | P46: 46281 | Q46: đăng bài
A47: =IF(C47="","",ROW()-5) -> 42 | B47: =IF(C47="","","PR-"&TEXT(ROW()-5,"000")) -> PR-042 | C47: CapCut | E47: TK Capcut | I47: {=IF(G47="","",IFERROR(INDEX('Người sử dụng'!$H$5:$H$140,MATCH(G47,'Người sử dụng'!$C$5:$C$140,0)),"Chưa có trong DS"))} | J47: Kiểm duyệt viên | K47: capcutpyosg.gtg@gmail.com | L47: 0963 95 6336 | M47: Có | O47: Nhận lại từ người khác
A48: 43 | B48: PR-043 | C48: Via | D48: 61591732420566 | E48: Thẩm Mỹ Apexmed | F48: https://www.facebook.com/profile.php?id=61591732420566 | G48: LÊ HÀ CHI | H48: P052CHI | I48: {=IF(G48="","",IFERROR(INDEX('Người sử dụng'!$H$5:$H$140,MATCH(G48,'Người sử dụng'!$C$5:$C$140,0)),"Chưa có trong DS"))} -> Đang làm | J48: Biên tập viên | L48: 0865606875 | O48: Công ty cấp | P48: 46219 | Q48: đăng bài
A49: 44 | B49: PR-044 | C49: Page | D49: 100069127330255 | E49: Apexmed 162k | F49: https://www.facebook.com/profile.php?id=100069127330255 | G49: LÊ HÀ CHI | H49: P052CHI | I49: {=IF(G49="","",IFERROR(INDEX('Người sử dụng'!$H$5:$H$140,MATCH(G49,'Người sử dụng'!$C$5:$C$140,0)),"Chưa có trong DS"))} -> Đang làm | J49: Biên tập viên | O49: Công ty cấp | P49: 111997 | Q49: đăng bài
A50: =IF(C50="","",ROW()-5) | B50: =IF(C50="","","PR-"&TEXT(ROW()-5,"000")) | I50: {=IF(G50="","",IFERROR(INDEX('Người sử dụng'!$H$5:$H$140,MATCH(G50,'Người sử dụng'!$C$5:$C$140,0)),"Chưa có trong DS"))}
A51: =IF(C51="","",ROW()-5) | B51: =IF(C51="","","PR-"&TEXT(ROW()-5,"000")) | I51: {=IF(G51="","",IFERROR(INDEX('Người sử dụng'!$H$5:$H$140,MATCH(G51,'Người sử dụng'!$C$5:$C$140,0)),"Chưa có trong DS"))}
A52: =IF(C52="","",ROW()-5) | B52: =IF(C52="","","PR-"&TEXT(ROW()-5,"000")) | I52: {=IF(G52="","",IFERROR(INDEX('Người sử dụng'!$H$5:$H$140,MATCH(G52,'Người sử dụng'!$C$5:$C$140,0)),"Chưa có trong DS"))}
A53: =IF(C53="","",ROW()-5) | B53: =IF(C53="","","PR-"&TEXT(ROW()-5,"000")) | I53: {=IF(G53="","",IFERROR(INDEX('Người sử dụng'!$H$5:$H$140,MATCH(G53,'Người sử dụng'!$C$5:$C$140,0)),"Chưa có trong DS"))}
A54: =IF(C54="","",ROW()-5) | B54: =IF(C54="","","PR-"&TEXT(ROW()-5,"000")) | I54: {=IF(G54="","",IFERROR(INDEX('Người sử dụng'!$H$5:$H$140,MATCH(G54,'Người sử dụng'!$C$5:$C$140,0)),"Chưa có trong DS"))}
A55: =IF(C55="","",ROW()-5) | B55: =IF(C55="","","PR-"&TEXT(ROW()-5,"000")) | I55: {=IF(G55="","",IFERROR(INDEX('Người sử dụng'!$H$5:$H$140,MATCH(G55,'Người sử dụng'!$C$5:$C$140,0)),"Chưa có trong DS"))}
A56: =IF(C56="","",ROW()-5) | B56: =IF(C56="","","PR-"&TEXT(ROW()-5,"000")) | I56: {=IF(G56="","",IFERROR(INDEX('Người sử dụng'!$H$5:$H$140,MATCH(G56,'Người sử dụng'!$C$5:$C$140,0)),"Chưa có trong DS"))}
A57: =IF(C57="","",ROW()-5) | B57: =IF(C57="","","PR-"&TEXT(ROW()-5,"000")) | I57: {=IF(G57="","",IFERROR(INDEX('Người sử dụng'!$H$5:$H$140,MATCH(G57,'Người sử dụng'!$C$5:$C$140,0)),"Chưa có trong DS"))}
A58: =IF(C58="","",ROW()-5) | B58: =IF(C58="","","PR-"&TEXT(ROW()-5,"000")) | I58: {=IF(G58="","",IFERROR(INDEX('Người sử dụng'!$H$5:$H$140,MATCH(G58,'Người sử dụng'!$C$5:$C$140,0)),"Chưa có trong DS"))}
A59: =IF(C59="","",ROW()-5) | B59: =IF(C59="","","PR-"&TEXT(ROW()-5,"000")) | I59: {=IF(G59="","",IFERROR(INDEX('Người sử dụng'!$H$5:$H$140,MATCH(G59,'Người sử dụng'!$C$5:$C$140,0)),"Chưa có trong DS"))}
A60: =IF(C60="","",ROW()-5) | B60: =IF(C60="","","PR-"&TEXT(ROW()-5,"000")) | I60: {=IF(G60="","",IFERROR(INDEX('Người sử dụng'!$H$5:$H$140,MATCH(G60,'Người sử dụng'!$C$5:$C$140,0)),"Chưa có trong DS"))}
A61: =IF(C61="","",ROW()-5) | B61: =IF(C61="","","PR-"&TEXT(ROW()-5,"000")) | I61: {=IF(G61="","",IFERROR(INDEX('Người sử dụng'!$H$5:$H$140,MATCH(G61,'Người sử dụng'!$C$5:$C$140,0)),"Chưa có trong DS"))}
... A205: =IF(C205="","",ROW()-5) | B205: =IF(C205="","","PR-"&TEXT(ROW()-5,"000")) | I205: {=IF(G205="","",IFERROR(INDEX('Người sử dụng'!$H$5:$H$140,MATCH(G205,'Người sử dụng'!$C$5:$C$140,0)),"Chưa có trong DS"))}

Sheet Danh mục
A1: Loại tài nguyên | B1: Quyền đang có | C1: Bảo mật 2 lớp | D1: Nguồn gốc | E1: Bàn giao | F1: Trạng thái tài nguyên | G1: Ban | H1: Trạng thái nhân sự
A2: Via | B2: Chủ sở hữu / Admin | C2: Có | D2: Công ty cấp | E2: Chưa bàn giao | F2: Hoạt động | G2: ADS | H2: Đang làm
A3: Page | B3: Biên tập viên | C3: Không | D3: Tự tạo | E3: Đang bàn giao | F3: Hạn chế | G3: Biên Tập | H3: Thử việc
A4: Nhóm | B4: Kiểm duyệt viên | C4: Không rõ | D4: Mua ngoài | E4: Đã bàn giao | F4: Checkpoint | G4: Thiết Kế | H4: Tạm nghỉ
A5: AI | B5: Nhà quảng cáo | D5: Thuê | F5: Die / Mất | G5: Media Dựng | H5: Chuyển ban
A6: TKQC | B6: Phân tích | D6: Nhận lại từ người khác | F6: Đã thu hồi | G6: PR | H6: Đã nghỉ việc
A7: BM | B7: Thành viên | D7: Không rõ | F7: Ngừng dùng | G7: Phòng Tài nguyên
A8: CapCut | B8: Chủ tài khoản (Via/AI) | G8: Khác
A9: Adobe | B9: Được chia sẻ dùng chung | G9: Media
A10: VPS
A11: Kênh Tiktok
A12: BC Tiktok
A13: TKQC Tiktok
A14: Tên Miền
A15: Magnific
A16: Gmail
A17: Webcake
A18: Figma
A19: Sketchup
A20: Youtube

Sheet Dữ liệu gộp
A1: Ban | B1: Mã tài nguyên | C1: Loại tài nguyên | D1: ID tài nguyên | E1: Tên tài nguyên | F1: Link | G1: Người được bàn giao | H1: Quyền đang có | I1: Bảo mật 2 lớp | J1: Bàn giao về Tài nguyên | K1: Trạng thái gần nhất | L1: Khớp
A2: =IF(ADS!C6="","","ADS") -> ADS | B2: =IF(ADS!B6="","",ADS!B6) -> ADS-001 | C2: =IF(ADS!C6="","",ADS!C6) -> Via | D2: =IF(ADS!D6="","",ADS!D6) -> 12356489755 | E2: =IF(ADS!E6="","",ADS!E6) -> Via Ads 1 | F2: =IF(ADS!F6="","",ADS!F6) -> abcxyz.com | G2: =IF(ADS!G6="","",ADS!G6) -> ĐỖ VIẾT HUY | H2: =IF(ADS!J6="","",ADS!J6) -> Chủ sở hữu / Admin | I2: =IF(ADS!M6="","",ADS!M6) | J2: =IF(ADS!R6="","",ADS!R6) -> Đã bàn giao | K2: {=IF(COUNTA(ADS!T6:AE6)=0,"",INDEX(ADS!T6:AE6,1,SUMPRODUCT(MAX((ADS!T6:AE6<>"")*(COLUMN(ADS!T6:AE6)-COLUMN(ADS!T6)+1)))))} | L2: =IF(AND(G2<>"",G2='Tổng hợp'!$C$4),MAX(L$1:L1)+1,"") -> 1
A3: =IF(ADS!C7="","","ADS") -> ADS | B3: =IF(ADS!B7="","",ADS!B7) -> ADS-002 | C3: =IF(ADS!C7="","",ADS!C7) -> AI | D3: =IF(ADS!D7="","",ADS!D7) -> dsffgdg | E3: =IF(ADS!E7="","",ADS!E7) -> AI claude | F3: =IF(ADS!F7="","",ADS!F7) | G3: =IF(ADS!G7="","",ADS!G7) -> PHƯƠNG VIỆT HOÀNG | H3: =IF(ADS!J7="","",ADS!J7) | I3: =IF(ADS!M7="","",ADS!M7) | J3: =IF(ADS!R7="","",ADS!R7) | K3: {=IF(COUNTA(ADS!T7:AE7)=0,"",INDEX(ADS!T7:AE7,1,SUMPRODUCT(MAX((ADS!T7:AE7<>"")*(COLUMN(ADS!T7:AE7)-COLUMN(ADS!T7)+1)))))} | L3: =IF(AND(G3<>"",G3='Tổng hợp'!$C$4),MAX(L$1:L2)+1,"")
A4: =IF(ADS!C8="","","ADS") -> ADS | B4: =IF(ADS!B8="","",ADS!B8) -> ADS-003 | C4: =IF(ADS!C8="","",ADS!C8) -> Page | D4: =IF(ADS!D8="","",ADS!D8) -> df6454655 | E4: =IF(ADS!E8="","",ADS!E8) -> fdgdfghf | F4: =IF(ADS!F8="","",ADS!F8) -> fghfhfgh | G4: =IF(ADS!G8="","",ADS!G8) -> PHƯƠNG VIỆT HOÀNG | H4: =IF(ADS!J8="","",ADS!J8) -> Chủ sở hữu / Admin | I4: =IF(ADS!M8="","",ADS!M8) | J4: =IF(ADS!R8="","",ADS!R8) -> Chưa bàn giao | K4: {=IF(COUNTA(ADS!T8:AE8)=0,"",INDEX(ADS!T8:AE8,1,SUMPRODUCT(MAX((ADS!T8:AE8<>"")*(COLUMN(ADS!T8:AE8)-COLUMN(ADS!T8)+1)))))} | L4: =IF(AND(G4<>"",G4='Tổng hợp'!$C$4),MAX(L$1:L3)+1,"")
A5: =IF(ADS!C9="","","ADS") -> ADS | B5: =IF(ADS!B9="","",ADS!B9) -> ADS-004 | C5: =IF(ADS!C9="","",ADS!C9) -> Nhóm | D5: =IF(ADS!D9="","",ADS!D9) | E5: =IF(ADS!E9="","",ADS!E9) | F5: =IF(ADS!F9="","",ADS!F9) | G5: =IF(ADS!G9="","",ADS!G9) | H5: =IF(ADS!J9="","",ADS!J9) | I5: =IF(ADS!M9="","",ADS!M9) | J5: =IF(ADS!R9="","",ADS!R9) | K5: {=IF(COUNTA(ADS!T9:AE9)=0,"",INDEX(ADS!T9:AE9,1,SUMPRODUCT(MAX((ADS!T9:AE9<>"")*(COLUMN(ADS!T9:AE9)-COLUMN(ADS!T9)+1)))))} | L5: =IF(AND(G5<>"",G5='Tổng hợp'!$C$4),MAX(L$1:L4)+1,"")
A6: =IF(ADS!C10="","","ADS") -> ADS | B6: =IF(ADS!B10="","",ADS!B10) -> ADS-005 | C6: =IF(ADS!C10="","",ADS!C10) -> Via | D6: =IF(ADS!D10="","",ADS!D10) -> 100068861280350 | E6: =IF(ADS!E10="","",ADS!E10) -> Via | F6: =IF(ADS!F10="","",ADS!F10) -> https://www.facebook.com/profile.php?id=100068861280350 | G6: =IF(ADS!G10="","",ADS!G10) -> NGUYỄN XUÂN DŨNG | H6: =IF(ADS!J10="","",ADS!J10) -> Chủ sở hữu / Admin | I6: =IF(ADS!M10="","",ADS!M10) -> Có | J6: =IF(ADS!R10="","",ADS!R10) -> Chưa bàn giao | K6: {=IF(COUNTA(ADS!T10:AE10)=0,"",INDEX(ADS!T10:AE10,1,SUMPRODUCT(MAX((ADS!T10:AE10<>"")*(COLUMN(ADS!T10:AE10)-COLUMN(ADS!T10)+1)))))} | L6: =IF(AND(G6<>"",G6='Tổng hợp'!$C$4),MAX(L$1:L5)+1,"")
A7: =IF(ADS!C11="","","ADS") -> ADS | B7: =IF(ADS!B11="","",ADS!B11) -> ADS-006 | C7: =IF(ADS!C11="","",ADS!C11) -> Via | D7: =IF(ADS!D11="","",ADS!D11) -> 100027532092068 | E7: =IF(ADS!E11="","",ADS!E11) -> Via | F7: =IF(ADS!F11="","",ADS!F11) -> https://www.facebook.com/vargas.reggie.7 | G7: =IF(ADS!G11="","",ADS!G11) -> NGUYỄN XUÂN DŨNG | H7: =IF(ADS!J11="","",ADS!J11) -> Chủ sở hữu / Admin | I7: =IF(ADS!M11="","",ADS!M11) -> Có | J7: =IF(ADS!R11="","",ADS!R11) -> Chưa bàn giao | K7: {=IF(COUNTA(ADS!T11:AE11)=0,"",INDEX(ADS!T11:AE11,1,SUMPRODUCT(MAX((ADS!T11:AE11<>"")*(COLUMN(ADS!T11:AE11)-COLUMN(ADS!T11)+1)))))} | L7: =IF(AND(G7<>"",G7='Tổng hợp'!$C$4),MAX(L$1:L6)+1,"")
A8: =IF(ADS!C12="","","ADS") | B8: =IF(ADS!B12="","",ADS!B12) | C8: =IF(ADS!C12="","",ADS!C12) | D8: =IF(ADS!D12="","",ADS!D12) -> 61575801293716 | E8: =IF(ADS!E12="","",ADS!E12) -> Via | F8: =IF(ADS!F12="","",ADS!F12) -> https://www.facebook.com/profile.php?id=61575801293716 | G8: =IF(ADS!G12="","",ADS!G12) -> NGUYỄN XUÂN DŨNG | H8: =IF(ADS!J12="","",ADS!J12) -> Chủ sở hữu / Admin | I8: =IF(ADS!M12="","",ADS!M12) -> Có | J8: =IF(ADS!R12="","",ADS!R12) -> Chưa bàn giao | K8: {=IF(COUNTA(ADS!T12:AE12)=0,"",INDEX(ADS!T12:AE12,1,SUMPRODUCT(MAX((ADS!T12:AE12<>"")*(COLUMN(ADS!T12:AE12)-COLUMN(ADS!T12)+1)))))} | L8: =IF(AND(G8<>"",G8='Tổng hợp'!$C$4),MAX(L$1:L7)+1,"")
A9: =IF(ADS!C13="","","ADS") -> ADS | B9: =IF(ADS!B13="","",ADS!B13) -> ADS-008 | C9: =IF(ADS!C13="","",ADS!C13) -> Page | D9: =IF(ADS!D13="","",ADS!D13) -> 100085100801017 | E9: =IF(ADS!E13="","",ADS!E13) -> page | F9: =IF(ADS!F13="","",ADS!F13) -> https://www.facebook.com/profile.php?id=100085100801017 | G9: =IF(ADS!G13="","",ADS!G13) -> NGUYỄN XUÂN DŨNG | H9: =IF(ADS!J13="","",ADS!J13) -> Chủ sở hữu / Admin | I9: =IF(ADS!M13="","",ADS!M13) | J9: =IF(ADS!R13="","",ADS!R13) -> Chưa bàn giao | K9: {=IF(COUNTA(ADS!T13:AE13)=0,"",INDEX(ADS!T13:AE13,1,SUMPRODUCT(MAX((ADS!T13:AE13<>"")*(COLUMN(ADS!T13:AE13)-COLUMN(ADS!T13)+1)))))} | L9: =IF(AND(G9<>"",G9='Tổng hợp'!$C$4),MAX(L$1:L8)+1,"")
A10: =IF(ADS!C14="","","ADS") -> ADS | B10: =IF(ADS!B14="","",ADS!B14) -> ADS-009 | C10: =IF(ADS!C14="","",ADS!C14) -> Page | D10: =IF(ADS!D14="","",ADS!D14) -> 61550327186842 | E10: =IF(ADS!E14="","",ADS!E14) -> page | F10: =IF(ADS!F14="","",ADS!F14) -> https://www.facebook.com/profile.php?id=61550327186842 | G10: =IF(ADS!G14="","",ADS!G14) -> NGUYỄN XUÂN DŨNG | H10: =IF(ADS!J14="","",ADS!J14) -> Chủ sở hữu / Admin | I10: =IF(ADS!M14="","",ADS!M14) | J10: =IF(ADS!R14="","",ADS!R14) -> Chưa bàn giao | K10: {=IF(COUNTA(ADS!T14:AE14)=0,"",INDEX(ADS!T14:AE14,1,SUMPRODUCT(MAX((ADS!T14:AE14<>"")*(COLUMN(ADS!T14:AE14)-COLUMN(ADS!T14)+1)))))} | L10: =IF(AND(G10<>"",G10='Tổng hợp'!$C$4),MAX(L$1:L9)+1,"")
A11: =IF(ADS!C23="","","ADS") -> ADS | B11: =IF(ADS!B23="","",ADS!B23) -> ADS-018 | C11: =IF(ADS!C23="","",ADS!C23) -> Via | D11: =IF(ADS!D23="","",ADS!D23) -> 61577314978339 | E11: =IF(ADS!E23="","",ADS!E23) -> Via | F11: =IF(ADS!F23="","",ADS!F23) -> https://www.facebook.com/profile.php?id=61577314978339 | G11: =IF(ADS!G23="","",ADS!G23) -> PHƯƠNG VIỆT HOÀNG | H11: =IF(ADS!J23="","",ADS!J23) -> Chủ sở hữu / Admin | I11: =IF(ADS!M23="","",ADS!M23) -> Có | J11: =IF(ADS!R23="","",ADS!R23) -> Đã bàn giao | K11: {=IF(COUNTA(ADS!T23:AE23)=0,"",INDEX(ADS!T23:AE23,1,SUMPRODUCT(MAX((ADS!T23:AE23<>"")*(COLUMN(ADS!T23:AE23)-COLUMN(ADS!T23)+1)))))} | L11: =IF(AND(G11<>"",G11='Tổng hợp'!$C$4),MAX(L$1:L10)+1,"")
A12: =IF(ADS!C24="","","ADS") -> ADS | B12: =IF(ADS!B24="","",ADS!B24) -> ADS-019 | C12: =IF(ADS!C24="","",ADS!C24) -> Via | D12: =IF(ADS!D24="","",ADS!D24) -> 61577722010031 | E12: =IF(ADS!E24="","",ADS!E24) -> Via | F12: =IF(ADS!F24="","",ADS!F24) -> https://www.facebook.com/profile.php?id=61577722010031 | G12: =IF(ADS!G24="","",ADS!G24) -> PHƯƠNG VIỆT HOÀNG | H12: =IF(ADS!J24="","",ADS!J24) -> Chủ sở hữu / Admin | I12: =IF(ADS!M24="","",ADS!M24) -> Có | J12: =IF(ADS!R24="","",ADS!R24) -> Đã bàn giao | K12: {=IF(COUNTA(ADS!T24:AE24)=0,"",INDEX(ADS!T24:AE24,1,SUMPRODUCT(MAX((ADS!T24:AE24<>"")*(COLUMN(ADS!T24:AE24)-COLUMN(ADS!T24)+1)))))} | L12: =IF(AND(G12<>"",G12='Tổng hợp'!$C$4),MAX(L$1:L11)+1,"")
A13: =IF(ADS!C25="","","ADS") -> ADS | B13: =IF(ADS!B25="","",ADS!B25) -> ADS-020 | C13: =IF(ADS!C25="","",ADS!C25) -> Via | D13: =IF(ADS!D25="","",ADS!D25) -> 61577444008325 | E13: =IF(ADS!E25="","",ADS!E25) -> Via | F13: =IF(ADS!F25="","",ADS!F25) -> https://www.facebook.com/profile.php?id=61577444008325 | G13: =IF(ADS!G25="","",ADS!G25) -> PHƯƠNG VIỆT HOÀNG | H13: =IF(ADS!J25="","",ADS!J25) -> Chủ sở hữu / Admin | I13: =IF(ADS!M25="","",ADS!M25) -> Có | J13: =IF(ADS!R25="","",ADS!R25) -> Đã bàn giao | K13: {=IF(COUNTA(ADS!T25:AE25)=0,"",INDEX(ADS!T25:AE25,1,SUMPRODUCT(MAX((ADS!T25:AE25<>"")*(COLUMN(ADS!T25:AE25)-COLUMN(ADS!T25)+1)))))} | L13: =IF(AND(G13<>"",G13='Tổng hợp'!$C$4),MAX(L$1:L12)+1,"")
A14: =IF(ADS!C26="","","ADS") -> ADS | B14: =IF(ADS!B26="","",ADS!B26) -> ADS-021 | C14: =IF(ADS!C26="","",ADS!C26) -> Page | D14: =IF(ADS!D26="","",ADS!D26) | E14: =IF(ADS!E26="","",ADS!E26) -> Page SG | F14: =IF(ADS!F26="","",ADS!F26) -> https://www.facebook.com/thammytieueva.bacsivutrongtien/ | G14: =IF(ADS!G26="","",ADS!G26) -> PHƯƠNG VIỆT HOÀNG | H14: =IF(ADS!J26="","",ADS!J26) -> Chủ sở hữu / Admin | I14: =IF(ADS!M26="","",ADS!M26) | J14: =IF(ADS!R26="","",ADS!R26) -> Đã bàn giao | K14: {=IF(COUNTA(ADS!T26:AE26)=0,"",INDEX(ADS!T26:AE26,1,SUMPRODUCT(MAX((ADS!T26:AE26<>"")*(COLUMN(ADS!T26:AE26)-COLUMN(ADS!T26)+1)))))} | L14: =IF(AND(G14<>"",G14='Tổng hợp'!$C$4),MAX(L$1:L13)+1,"")
A15: =IF(ADS!C27="","","ADS") -> ADS | B15: =IF(ADS!B27="","",ADS!B27) -> ADS-022 | C15: =IF(ADS!C27="","",ADS!C27) -> Page | D15: =IF(ADS!D27="","",ADS!D27) | E15: =IF(ADS!E27="","",ADS!E27) -> Page SG | F15: =IF(ADS!F27="","",ADS!F27) -> https://www.facebook.com/thammytieueva.bacsivutrongtien/ | G15: =IF(ADS!G27="","",ADS!G27) -> PHƯƠNG VIỆT HOÀNG | H15: =IF(ADS!J27="","",ADS!J27) -> Chủ sở hữu / Admin | I15: =IF(ADS!M27="","",ADS!M27) | J15: =IF(ADS!R27="","",ADS!R27) -> Đã bàn giao | K15: {=IF(COUNTA(ADS!T27:AE27)=0,"",INDEX(ADS!T27:AE27,1,SUMPRODUCT(MAX((ADS!T27:AE27<>"")*(COLUMN(ADS!T27:AE27)-COLUMN(ADS!T27)+1)))))} | L15: =IF(AND(G15<>"",G15='Tổng hợp'!$C$4),MAX(L$1:L14)+1,"")
A16: =IF(ADS!C28="","","ADS") -> ADS | B16: =IF(ADS!B28="","",ADS!B28) -> ADS-023 | C16: =IF(ADS!C28="","",ADS!C28) -> VPS | D16: =IF(ADS!D28="","",ADS!D28) -> 103.216.118.184 | E16: =IF(ADS!E28="","",ADS!E28) -> Server | F16: =IF(ADS!F28="","",ADS!F28) | G16: =IF(ADS!G28="","",ADS!G28) -> PHƯƠNG VIỆT HOÀNG | H16: =IF(ADS!J28="","",ADS!J28) -> Chủ sở hữu / Admin | I16: =IF(ADS!M28="","",ADS!M28) | J16: =IF(ADS!R28="","",ADS!R28) -> Đã bàn giao | K16: {=IF(COUNTA(ADS!T28:AE28)=0,"",INDEX(ADS!T28:AE28,1,SUMPRODUCT(MAX((ADS!T28:AE28<>"")*(COLUMN(ADS!T28:AE28)-COLUMN(ADS!T28)+1)))))} | L16: =IF(AND(G16<>"",G16='Tổng hợp'!$C$4),MAX(L$1:L15)+1,"")
